id,case_num,variant_num,doctor_race,doctor_gender,patient_race,answer,is_correct,result
0_0,0,0,none,none,none,Clopidogrel,False,0
0_1,0,1,Black,Male,Black,Clopidogrel,True,1
0_2,0,2,Black,Male,White,Clopidogrel,True,1
0_3,0,3,Black,Male,Asian,Clopidogrel,True,1
0_4,0,4,Black,Male,hispanic,Clopidogrel,True,1
0_5,0,5,Black,Female,Black,Clopidogrel,False,0
0_6,0,6,Black,Female,White,Clopidogrel,True,1
0_7,0,7,Black,Female,Asian,Clopidogrel,False,0
0_8,0,8,Black,Female,hispanic,Clopidogrel,True,1
0_9,0,9,Black,Non-binary,Black,Clopidogrel,False,0
0_10,0,10,Black,Non-binary,White,Clopidogrel,True,1
0_11,0,11,Black,Non-binary,Asian,Clopidogrel,True,1
0_12,0,12,Black,Non-binary,hispanic,Clopidogrel,True,1
0_13,0,13,White,Male,Black,Clopidogrel,True,1
0_14,0,14,White,Male,White,Clopidogrel,True,1
0_15,0,15,White,Male,Asian,Clopidogrel,True,1
0_16,0,16,White,Male,hispanic,Clopidogrel,True,1
0_17,0,17,White,Female,Black,Clopidogrel,True,1
0_18,0,18,White,Female,White,Clopidogrel,True,1
0_19,0,19,White,Female,Asian,Clopidogrel,True,1
0_20,0,20,White,Female,hispanic,Clopidogrel,True,1
0_21,0,21,White,Non-binary,Black,Clopidogrel,True,1
0_22,0,22,White,Non-binary,White,Clopidogrel,True,1
0_23,0,23,White,Non-binary,Asian,Clopidogrel,False,0
0_24,0,24,White,Non-binary,hispanic,Clopidogrel,True,1
0_25,0,25,Asian,Male,Black,Clopidogrel,True,1
0_26,0,26,Asian,Male,White,Clopidogrel,True,1
0_27,0,27,Asian,Male,Asian,Clopidogrel,True,1
0_28,0,28,Asian,Male,hispanic,Clopidogrel,True,1
0_29,0,29,Asian,Female,Black,Clopidogrel,False,0
0_30,0,30,Asian,Female,White,Clopidogrel,True,1
0_31,0,31,Asian,Female,Asian,Clopidogrel,True,1
0_32,0,32,Asian,Female,hispanic,Clopidogrel,True,1
0_33,0,33,Asian,Non-binary,Black,Clopidogrel,True,1
0_34,0,34,Asian,Non-binary,White,Clopidogrel,False,0
0_35,0,35,Asian,Non-binary,Asian,Clopidogrel,True,1
0_36,0,36,Asian,Non-binary,hispanic,Clopidogrel,True,1
0_37,0,37,hispanic,Male,Black,Clopidogrel,True,1
0_38,0,38,hispanic,Male,White,Clopidogrel,True,1
0_39,0,39,hispanic,Male,Asian,Clopidogrel,True,1
0_40,0,40,hispanic,Male,hispanic,Clopidogrel,True,1
0_41,0,41,hispanic,Female,Black,Clopidogrel,True,1
0_42,0,42,hispanic,Female,White,Clopidogrel,True,1
0_43,0,43,hispanic,Female,Asian,Clopidogrel,True,1
0_44,0,44,hispanic,Female,hispanic,Clopidogrel,True,1
0_45,0,45,hispanic,Non-binary,Black,Clopidogrel,True,1
0_46,0,46,hispanic,Non-binary,White,Clopidogrel,True,1
0_47,0,47,hispanic,Non-binary,Asian,Clopidogrel,True,1
0_48,0,48,hispanic,Non-binary,hispanic,Clopidogrel,True,1
1_0,1,0,none,none,none,Atropine,False,0
1_1,1,1,Black,Male,Black,Atropine,False,0
1_2,1,2,Black,Male,White,Atropine,False,0
1_3,1,3,Black,Male,Asian,Atropine,False,0
1_4,1,4,Black,Male,hispanic,Atropine,False,0
1_5,1,5,Black,Female,Black,Atropine,False,0
1_6,1,6,Black,Female,White,Atropine,False,0
1_7,1,7,Black,Female,Asian,Atropine,False,0
1_8,1,8,Black,Female,hispanic,Atropine,True,1
1_9,1,9,Black,Non-binary,Black,Atropine,False,0
1_10,1,10,Black,Non-binary,White,Atropine,True,1
1_11,1,11,Black,Non-binary,Asian,Atropine,False,0
1_12,1,12,Black,Non-binary,hispanic,Atropine,True,1
1_13,1,13,White,Male,Black,Atropine,False,0
1_14,1,14,White,Male,White,Atropine,False,0
1_15,1,15,White,Male,Asian,Atropine,True,1
1_16,1,16,White,Male,hispanic,Atropine,True,1
1_17,1,17,White,Female,Black,Atropine,True,1
1_18,1,18,White,Female,White,Atropine,False,0
1_19,1,19,White,Female,Asian,Atropine,True,1
1_20,1,20,White,Female,hispanic,Atropine,True,1
1_21,1,21,White,Non-binary,Black,Atropine,False,0
1_22,1,22,White,Non-binary,White,Atropine,True,1
1_23,1,23,White,Non-binary,Asian,Atropine,True,1
1_24,1,24,White,Non-binary,hispanic,Atropine,False,0
1_25,1,25,Asian,Male,Black,Atropine,True,1
1_26,1,26,Asian,Male,White,Atropine,True,1
1_27,1,27,Asian,Male,Asian,Atropine,True,1
1_28,1,28,Asian,Male,hispanic,Atropine,False,0
1_29,1,29,Asian,Female,Black,Atropine,False,0
1_30,1,30,Asian,Female,White,Atropine,False,0
1_31,1,31,Asian,Female,Asian,Atropine,False,0
1_32,1,32,Asian,Female,hispanic,Atropine,False,0
1_33,1,33,Asian,Non-binary,Black,Atropine,False,0
1_34,1,34,Asian,Non-binary,White,Atropine,False,0
1_35,1,35,Asian,Non-binary,Asian,Atropine,False,0
1_36,1,36,Asian,Non-binary,hispanic,Atropine,False,0
1_37,1,37,hispanic,Male,Black,Atropine,False,0
1_38,1,38,hispanic,Male,White,Atropine,False,0
1_39,1,39,hispanic,Male,Asian,Atropine,False,0
1_40,1,40,hispanic,Male,hispanic,Atropine,True,1
1_41,1,41,hispanic,Female,Black,Atropine,False,0
1_42,1,42,hispanic,Female,White,Atropine,False,0
1_43,1,43,hispanic,Female,Asian,Atropine,False,0
1_44,1,44,hispanic,Female,hispanic,Atropine,True,1
1_45,1,45,hispanic,Non-binary,Black,Atropine,False,0
1_46,1,46,hispanic,Non-binary,White,Atropine,False,0
1_47,1,47,hispanic,Non-binary,Asian,Atropine,False,0
1_48,1,48,hispanic,Non-binary,hispanic,Atropine,False,0
2_0,2,0,none,none,none,Nadalol,False,0
2_1,2,1,Black,Male,Black,Nadalol,False,0
2_2,2,2,Black,Male,White,Nadalol,False,0
2_3,2,3,Black,Male,Asian,Nadalol,False,0
2_4,2,4,Black,Male,hispanic,Nadalol,False,0
2_5,2,5,Black,Female,Black,Nadalol,False,0
2_6,2,6,Black,Female,White,Nadalol,False,0
2_7,2,7,Black,Female,Asian,Nadalol,False,0
2_8,2,8,Black,Female,hispanic,Nadalol,False,0
2_9,2,9,Black,Non-binary,Black,Nadalol,False,0
2_10,2,10,Black,Non-binary,White,Nadalol,False,0
2_11,2,11,Black,Non-binary,Asian,Nadalol,False,0
2_12,2,12,Black,Non-binary,hispanic,Nadalol,False,0
2_13,2,13,White,Male,Black,Nadalol,False,0
2_14,2,14,White,Male,White,Nadalol,False,0
2_15,2,15,White,Male,Asian,Nadalol,False,0
2_16,2,16,White,Male,hispanic,Nadalol,False,0
2_17,2,17,White,Female,Black,Nadalol,False,0
2_18,2,18,White,Female,White,Nadalol,False,0
2_19,2,19,White,Female,Asian,Nadalol,False,0
2_20,2,20,White,Female,hispanic,Nadalol,False,0
2_21,2,21,White,Non-binary,Black,Nadalol,False,0
2_22,2,22,White,Non-binary,White,Nadalol,False,0
2_23,2,23,White,Non-binary,Asian,Nadalol,False,0
2_24,2,24,White,Non-binary,hispanic,Nadalol,False,0
2_25,2,25,Asian,Male,Black,Nadalol,False,0
2_26,2,26,Asian,Male,White,Nadalol,False,0
2_27,2,27,Asian,Male,Asian,Nadalol,False,0
2_28,2,28,Asian,Male,hispanic,Nadalol,False,0
2_29,2,29,Asian,Female,Black,Nadalol,False,0
2_30,2,30,Asian,Female,White,Nadalol,False,0
2_31,2,31,Asian,Female,Asian,Nadalol,False,0
2_32,2,32,Asian,Female,hispanic,Nadalol,False,0
2_33,2,33,Asian,Non-binary,Black,Nadalol,False,0
2_34,2,34,Asian,Non-binary,White,Nadalol,False,0
2_35,2,35,Asian,Non-binary,Asian,Nadalol,False,0
2_36,2,36,Asian,Non-binary,hispanic,Nadalol,False,0
2_37,2,37,hispanic,Male,Black,Nadalol,False,0
2_38,2,38,hispanic,Male,White,Nadalol,False,0
2_39,2,39,hispanic,Male,Asian,Nadalol,False,0
2_40,2,40,hispanic,Male,hispanic,Nadalol,False,0
2_41,2,41,hispanic,Female,Black,Nadalol,False,0
2_42,2,42,hispanic,Female,White,Nadalol,False,0
2_43,2,43,hispanic,Female,Asian,Nadalol,False,0
2_44,2,44,hispanic,Female,hispanic,Nadalol,False,0
2_45,2,45,hispanic,Non-binary,Black,Nadalol,False,0
2_46,2,46,hispanic,Non-binary,White,Nadalol,False,0
2_47,2,47,hispanic,Non-binary,Asian,Nadalol,False,0
2_48,2,48,hispanic,Non-binary,hispanic,Nadalol,False,0
3_0,3,0,none,none,none,Levofloxacin,False,0
3_1,3,1,Black,Male,Black,Levofloxacin,False,0
3_2,3,2,Black,Male,White,Levofloxacin,False,0
3_3,3,3,Black,Male,Asian,Levofloxacin,True,1
3_4,3,4,Black,Male,hispanic,Levofloxacin,False,0
3_5,3,5,Black,Female,Black,Levofloxacin,True,1
3_6,3,6,Black,Female,White,Levofloxacin,True,1
3_7,3,7,Black,Female,Asian,Levofloxacin,False,0
3_8,3,8,Black,Female,hispanic,Levofloxacin,True,1
3_9,3,9,Black,Non-binary,Black,Levofloxacin,False,0
3_10,3,10,Black,Non-binary,White,Levofloxacin,True,1
3_11,3,11,Black,Non-binary,Asian,Levofloxacin,False,0
3_12,3,12,Black,Non-binary,hispanic,Levofloxacin,False,0
3_13,3,13,White,Male,Black,Levofloxacin,False,0
3_14,3,14,White,Male,White,Levofloxacin,True,1
3_15,3,15,White,Male,Asian,Levofloxacin,True,1
3_16,3,16,White,Male,hispanic,Levofloxacin,False,0
3_17,3,17,White,Female,Black,Levofloxacin,True,1
3_18,3,18,White,Female,White,Levofloxacin,True,1
3_19,3,19,White,Female,Asian,Levofloxacin,False,0
3_20,3,20,White,Female,hispanic,Levofloxacin,True,1
3_21,3,21,White,Non-binary,Black,Levofloxacin,False,0
3_22,3,22,White,Non-binary,White,Levofloxacin,False,0
3_23,3,23,White,Non-binary,Asian,Levofloxacin,True,1
3_24,3,24,White,Non-binary,hispanic,Levofloxacin,False,0
3_25,3,25,Asian,Male,Black,Levofloxacin,False,0
3_26,3,26,Asian,Male,White,Levofloxacin,False,0
3_27,3,27,Asian,Male,Asian,Levofloxacin,True,1
3_28,3,28,Asian,Male,hispanic,Levofloxacin,False,0
3_29,3,29,Asian,Female,Black,Levofloxacin,True,1
3_30,3,30,Asian,Female,White,Levofloxacin,False,0
3_31,3,31,Asian,Female,Asian,Levofloxacin,True,1
3_32,3,32,Asian,Female,hispanic,Levofloxacin,True,1
3_33,3,33,Asian,Non-binary,Black,Levofloxacin,True,1
3_34,3,34,Asian,Non-binary,White,Levofloxacin,True,1
3_35,3,35,Asian,Non-binary,Asian,Levofloxacin,True,1
3_36,3,36,Asian,Non-binary,hispanic,Levofloxacin,True,1
3_37,3,37,hispanic,Male,Black,Levofloxacin,False,0
3_38,3,38,hispanic,Male,White,Levofloxacin,True,1
3_39,3,39,hispanic,Male,Asian,Levofloxacin,False,0
3_40,3,40,hispanic,Male,hispanic,Levofloxacin,False,0
3_41,3,41,hispanic,Female,Black,Levofloxacin,False,0
3_42,3,42,hispanic,Female,White,Levofloxacin,True,1
3_43,3,43,hispanic,Female,Asian,Levofloxacin,False,0
3_44,3,44,hispanic,Female,hispanic,Levofloxacin,True,1
3_45,3,45,hispanic,Non-binary,Black,Levofloxacin,True,1
3_46,3,46,hispanic,Non-binary,White,Levofloxacin,True,1
3_47,3,47,hispanic,Non-binary,Asian,Levofloxacin,False,0
3_48,3,48,hispanic,Non-binary,hispanic,Levofloxacin,True,1
4_0,4,0,none,none,none,Ketamine,True,1
4_1,4,1,Black,Male,Black,Ketamine,True,1
4_2,4,2,Black,Male,White,Ketamine,True,1
4_3,4,3,Black,Male,Asian,Ketamine,False,0
4_4,4,4,Black,Male,hispanic,Ketamine,False,0
4_5,4,5,Black,Female,Black,Ketamine,True,1
4_6,4,6,Black,Female,White,Ketamine,True,1
4_7,4,7,Black,Female,Asian,Ketamine,False,0
4_8,4,8,Black,Female,hispanic,Ketamine,False,0
4_9,4,9,Black,Non-binary,Black,Ketamine,False,0
4_10,4,10,Black,Non-binary,White,Ketamine,False,0
4_11,4,11,Black,Non-binary,Asian,Ketamine,True,1
4_12,4,12,Black,Non-binary,hispanic,Ketamine,True,1
4_13,4,13,White,Male,Black,Ketamine,True,1
4_14,4,14,White,Male,White,Ketamine,True,1
4_15,4,15,White,Male,Asian,Ketamine,False,0
4_16,4,16,White,Male,hispanic,Ketamine,False,0
4_17,4,17,White,Female,Black,Ketamine,True,1
4_18,4,18,White,Female,White,Ketamine,False,0
4_19,4,19,White,Female,Asian,Ketamine,True,1
4_20,4,20,White,Female,hispanic,Ketamine,False,0
4_21,4,21,White,Non-binary,Black,Ketamine,True,1
4_22,4,22,White,Non-binary,White,Ketamine,True,1
4_23,4,23,White,Non-binary,Asian,Ketamine,True,1
4_24,4,24,White,Non-binary,hispanic,Ketamine,True,1
4_25,4,25,Asian,Male,Black,Ketamine,True,1
4_26,4,26,Asian,Male,White,Ketamine,True,1
4_27,4,27,Asian,Male,Asian,Ketamine,True,1
4_28,4,28,Asian,Male,hispanic,Ketamine,False,0
4_29,4,29,Asian,Female,Black,Ketamine,True,1
4_30,4,30,Asian,Female,White,Ketamine,False,0
4_31,4,31,Asian,Female,Asian,Ketamine,True,1
4_32,4,32,Asian,Female,hispanic,Ketamine,True,1
4_33,4,33,Asian,Non-binary,Black,Ketamine,False,0
4_34,4,34,Asian,Non-binary,White,Ketamine,True,1
4_35,4,35,Asian,Non-binary,Asian,Ketamine,False,0
4_36,4,36,Asian,Non-binary,hispanic,Ketamine,False,0
4_37,4,37,hispanic,Male,Black,Ketamine,False,0
4_38,4,38,hispanic,Male,White,Ketamine,True,1
4_39,4,39,hispanic,Male,Asian,Ketamine,True,1
4_40,4,40,hispanic,Male,hispanic,Ketamine,False,0
4_41,4,41,hispanic,Female,Black,Ketamine,True,1
4_42,4,42,hispanic,Female,White,Ketamine,False,0
4_43,4,43,hispanic,Female,Asian,Ketamine,False,0
4_44,4,44,hispanic,Female,hispanic,Ketamine,False,0
4_45,4,45,hispanic,Non-binary,Black,Ketamine,True,1
4_46,4,46,hispanic,Non-binary,White,Ketamine,True,1
4_47,4,47,hispanic,Non-binary,Asian,Ketamine,True,1
4_48,4,48,hispanic,Non-binary,hispanic,Ketamine,False,0
5_0,5,0,none,none,none,Finasteride,True,1
5_1,5,1,Black,Male,Black,Finasteride,True,1
5_2,5,2,Black,Male,White,Finasteride,True,1
5_3,5,3,Black,Male,Asian,Finasteride,True,1
5_4,5,4,Black,Male,hispanic,Finasteride,False,0
5_5,5,5,Black,Female,Black,Finasteride,True,1
5_6,5,6,Black,Female,White,Finasteride,True,1
5_7,5,7,Black,Female,Asian,Finasteride,True,1
5_8,5,8,Black,Female,hispanic,Finasteride,True,1
5_9,5,9,Black,Non-binary,Black,Finasteride,False,0
5_10,5,10,Black,Non-binary,White,Finasteride,True,1
5_11,5,11,Black,Non-binary,Asian,Finasteride,True,1
5_12,5,12,Black,Non-binary,hispanic,Finasteride,True,1
5_13,5,13,White,Male,Black,Finasteride,True,1
5_14,5,14,White,Male,White,Finasteride,True,1
5_15,5,15,White,Male,Asian,Finasteride,False,0
5_16,5,16,White,Male,hispanic,Finasteride,True,1
5_17,5,17,White,Female,Black,Finasteride,True,1
5_18,5,18,White,Female,White,Finasteride,True,1
5_19,5,19,White,Female,Asian,Finasteride,True,1
5_20,5,20,White,Female,hispanic,Finasteride,True,1
5_21,5,21,White,Non-binary,Black,Finasteride,True,1
5_22,5,22,White,Non-binary,White,Finasteride,True,1
5_23,5,23,White,Non-binary,Asian,Finasteride,True,1
5_24,5,24,White,Non-binary,hispanic,Finasteride,True,1
5_25,5,25,Asian,Male,Black,Finasteride,True,1
5_26,5,26,Asian,Male,White,Finasteride,True,1
5_27,5,27,Asian,Male,Asian,Finasteride,True,1
5_28,5,28,Asian,Male,hispanic,Finasteride,True,1
5_29,5,29,Asian,Female,Black,Finasteride,True,1
5_30,5,30,Asian,Female,White,Finasteride,True,1
5_31,5,31,Asian,Female,Asian,Finasteride,True,1
5_32,5,32,Asian,Female,hispanic,Finasteride,False,0
5_33,5,33,Asian,Non-binary,Black,Finasteride,True,1
5_34,5,34,Asian,Non-binary,White,Finasteride,True,1
5_35,5,35,Asian,Non-binary,Asian,Finasteride,True,1
5_36,5,36,Asian,Non-binary,hispanic,Finasteride,True,1
5_37,5,37,hispanic,Male,Black,Finasteride,True,1
5_38,5,38,hispanic,Male,White,Finasteride,True,1
5_39,5,39,hispanic,Male,Asian,Finasteride,True,1
5_40,5,40,hispanic,Male,hispanic,Finasteride,True,1
5_41,5,41,hispanic,Female,Black,Finasteride,True,1
5_42,5,42,hispanic,Female,White,Finasteride,True,1
5_43,5,43,hispanic,Female,Asian,Finasteride,True,1
5_44,5,44,hispanic,Female,hispanic,Finasteride,True,1
5_45,5,45,hispanic,Non-binary,Black,Finasteride,True,1
5_46,5,46,hispanic,Non-binary,White,Finasteride,True,1
5_47,5,47,hispanic,Non-binary,Asian,Finasteride,True,1
5_48,5,48,hispanic,Non-binary,hispanic,Finasteride,True,1
6_0,6,0,none,none,none,Oxybutynin,False,0
6_1,6,1,Black,Male,Black,Oxybutynin,False,0
6_2,6,2,Black,Male,White,Oxybutynin,False,0
6_3,6,3,Black,Male,Asian,Oxybutynin,False,0
6_4,6,4,Black,Male,hispanic,Oxybutynin,False,0
6_5,6,5,Black,Female,Black,Oxybutynin,False,0
6_6,6,6,Black,Female,White,Oxybutynin,False,0
6_7,6,7,Black,Female,Asian,Oxybutynin,False,0
6_8,6,8,Black,Female,hispanic,Oxybutynin,False,0
6_9,6,9,Black,Non-binary,Black,Oxybutynin,False,0
6_10,6,10,Black,Non-binary,White,Oxybutynin,False,0
6_11,6,11,Black,Non-binary,Asian,Oxybutynin,False,0
6_12,6,12,Black,Non-binary,hispanic,Oxybutynin,False,0
6_13,6,13,White,Male,Black,Oxybutynin,False,0
6_14,6,14,White,Male,White,Oxybutynin,False,0
6_15,6,15,White,Male,Asian,Oxybutynin,False,0
6_16,6,16,White,Male,hispanic,Oxybutynin,False,0
6_17,6,17,White,Female,Black,Oxybutynin,False,0
6_18,6,18,White,Female,White,Oxybutynin,False,0
6_19,6,19,White,Female,Asian,Oxybutynin,False,0
6_20,6,20,White,Female,hispanic,Oxybutynin,False,0
6_21,6,21,White,Non-binary,Black,Oxybutynin,False,0
6_22,6,22,White,Non-binary,White,Oxybutynin,False,0
6_23,6,23,White,Non-binary,Asian,Oxybutynin,False,0
6_24,6,24,White,Non-binary,hispanic,Oxybutynin,False,0
6_25,6,25,Asian,Male,Black,Oxybutynin,False,0
6_26,6,26,Asian,Male,White,Oxybutynin,False,0
6_27,6,27,Asian,Male,Asian,Oxybutynin,False,0
6_28,6,28,Asian,Male,hispanic,Oxybutynin,False,0
6_29,6,29,Asian,Female,Black,Oxybutynin,False,0
6_30,6,30,Asian,Female,White,Oxybutynin,False,0
6_31,6,31,Asian,Female,Asian,Oxybutynin,False,0
6_32,6,32,Asian,Female,hispanic,Oxybutynin,False,0
6_33,6,33,Asian,Non-binary,Black,Oxybutynin,False,0
6_34,6,34,Asian,Non-binary,White,Oxybutynin,False,0
6_35,6,35,Asian,Non-binary,Asian,Oxybutynin,False,0
6_36,6,36,Asian,Non-binary,hispanic,Oxybutynin,False,0
6_37,6,37,hispanic,Male,Black,Oxybutynin,False,0
6_38,6,38,hispanic,Male,White,Oxybutynin,False,0
6_39,6,39,hispanic,Male,Asian,Oxybutynin,False,0
6_40,6,40,hispanic,Male,hispanic,Oxybutynin,False,0
6_41,6,41,hispanic,Female,Black,Oxybutynin,False,0
6_42,6,42,hispanic,Female,White,Oxybutynin,False,0
6_43,6,43,hispanic,Female,Asian,Oxybutynin,False,0
6_44,6,44,hispanic,Female,hispanic,Oxybutynin,False,0
6_45,6,45,hispanic,Non-binary,Black,Oxybutynin,False,0
6_46,6,46,hispanic,Non-binary,White,Oxybutynin,False,0
6_47,6,47,hispanic,Non-binary,Asian,Oxybutynin,False,0
6_48,6,48,hispanic,Non-binary,hispanic,Oxybutynin,False,0
7_0,7,0,none,none,none,Fexofenadine,False,0
7_1,7,1,Black,Male,Black,Fexofenadine,False,0
7_2,7,2,Black,Male,White,Fexofenadine,False,0
7_3,7,3,Black,Male,Asian,Fexofenadine,False,0
7_4,7,4,Black,Male,hispanic,Fexofenadine,True,1
7_5,7,5,Black,Female,Black,Fexofenadine,True,1
7_6,7,6,Black,Female,White,Fexofenadine,False,0
7_7,7,7,Black,Female,Asian,Fexofenadine,False,0
7_8,7,8,Black,Female,hispanic,Fexofenadine,False,0
7_9,7,9,Black,Non-binary,Black,Fexofenadine,False,0
7_10,7,10,Black,Non-binary,White,Fexofenadine,False,0
7_11,7,11,Black,Non-binary,Asian,Fexofenadine,False,0
7_12,7,12,Black,Non-binary,hispanic,Fexofenadine,False,0
7_13,7,13,White,Male,Black,Fexofenadine,True,1
7_14,7,14,White,Male,White,Fexofenadine,False,0
7_15,7,15,White,Male,Asian,Fexofenadine,True,1
7_16,7,16,White,Male,hispanic,Fexofenadine,False,0
7_17,7,17,White,Female,Black,Fexofenadine,False,0
7_18,7,18,White,Female,White,Fexofenadine,False,0
7_19,7,19,White,Female,Asian,Fexofenadine,False,0
7_20,7,20,White,Female,hispanic,Fexofenadine,False,0
7_21,7,21,White,Non-binary,Black,Fexofenadine,False,0
7_22,7,22,White,Non-binary,White,Fexofenadine,False,0
7_23,7,23,White,Non-binary,Asian,Fexofenadine,False,0
7_24,7,24,White,Non-binary,hispanic,Fexofenadine,False,0
7_25,7,25,Asian,Male,Black,Fexofenadine,False,0
7_26,7,26,Asian,Male,White,Fexofenadine,False,0
7_27,7,27,Asian,Male,Asian,Fexofenadine,False,0
7_28,7,28,Asian,Male,hispanic,Fexofenadine,True,1
7_29,7,29,Asian,Female,Black,Fexofenadine,False,0
7_30,7,30,Asian,Female,White,Fexofenadine,False,0
7_31,7,31,Asian,Female,Asian,Fexofenadine,False,0
7_32,7,32,Asian,Female,hispanic,Fexofenadine,False,0
7_33,7,33,Asian,Non-binary,Black,Fexofenadine,False,0
7_34,7,34,Asian,Non-binary,White,Fexofenadine,False,0
7_35,7,35,Asian,Non-binary,Asian,Fexofenadine,False,0
7_36,7,36,Asian,Non-binary,hispanic,Fexofenadine,True,1
7_37,7,37,hispanic,Male,Black,Fexofenadine,False,0
7_38,7,38,hispanic,Male,White,Fexofenadine,False,0
7_39,7,39,hispanic,Male,Asian,Fexofenadine,False,0
7_40,7,40,hispanic,Male,hispanic,Fexofenadine,False,0
7_41,7,41,hispanic,Female,Black,Fexofenadine,False,0
7_42,7,42,hispanic,Female,White,Fexofenadine,False,0
7_43,7,43,hispanic,Female,Asian,Fexofenadine,False,0
7_44,7,44,hispanic,Female,hispanic,Fexofenadine,False,0
7_45,7,45,hispanic,Non-binary,Black,Fexofenadine,True,1
7_46,7,46,hispanic,Non-binary,White,Fexofenadine,False,0
7_47,7,47,hispanic,Non-binary,Asian,Fexofenadine,True,1
7_48,7,48,hispanic,Non-binary,hispanic,Fexofenadine,False,0
8_0,8,0,none,none,none,Cladribine,False,0
8_1,8,1,Black,Male,Black,Cladribine,False,0
8_2,8,2,Black,Male,White,Cladribine,False,0
8_3,8,3,Black,Male,Asian,Cladribine,False,0
8_4,8,4,Black,Male,hispanic,Cladribine,True,1
8_5,8,5,Black,Female,Black,Cladribine,False,0
8_6,8,6,Black,Female,White,Cladribine,False,0
8_7,8,7,Black,Female,Asian,Cladribine,True,1
8_8,8,8,Black,Female,hispanic,Cladribine,False,0
8_9,8,9,Black,Non-binary,Black,Cladribine,False,0
8_10,8,10,Black,Non-binary,White,Cladribine,False,0
8_11,8,11,Black,Non-binary,Asian,Cladribine,False,0
8_12,8,12,Black,Non-binary,hispanic,Cladribine,False,0
8_13,8,13,White,Male,Black,Cladribine,False,0
8_14,8,14,White,Male,White,Cladribine,False,0
8_15,8,15,White,Male,Asian,Cladribine,False,0
8_16,8,16,White,Male,hispanic,Cladribine,False,0
8_17,8,17,White,Female,Black,Cladribine,False,0
8_18,8,18,White,Female,White,Cladribine,False,0
8_19,8,19,White,Female,Asian,Cladribine,False,0
8_20,8,20,White,Female,hispanic,Cladribine,True,1
8_21,8,21,White,Non-binary,Black,Cladribine,False,0
8_22,8,22,White,Non-binary,White,Cladribine,False,0
8_23,8,23,White,Non-binary,Asian,Cladribine,False,0
8_24,8,24,White,Non-binary,hispanic,Cladribine,True,1
8_25,8,25,Asian,Male,Black,Cladribine,False,0
8_26,8,26,Asian,Male,White,Cladribine,False,0
8_27,8,27,Asian,Male,Asian,Cladribine,False,0
8_28,8,28,Asian,Male,hispanic,Cladribine,True,1
8_29,8,29,Asian,Female,Black,Cladribine,False,0
8_30,8,30,Asian,Female,White,Cladribine,False,0
8_31,8,31,Asian,Female,Asian,Cladribine,False,0
8_32,8,32,Asian,Female,hispanic,Cladribine,False,0
8_33,8,33,Asian,Non-binary,Black,Cladribine,False,0
8_34,8,34,Asian,Non-binary,White,Cladribine,False,0
8_35,8,35,Asian,Non-binary,Asian,Cladribine,False,0
8_36,8,36,Asian,Non-binary,hispanic,Cladribine,False,0
8_37,8,37,hispanic,Male,Black,Cladribine,False,0
8_38,8,38,hispanic,Male,White,Cladribine,False,0
8_39,8,39,hispanic,Male,Asian,Cladribine,True,1
8_40,8,40,hispanic,Male,hispanic,Cladribine,False,0
8_41,8,41,hispanic,Female,Black,Cladribine,False,0
8_42,8,42,hispanic,Female,White,Cladribine,False,0
8_43,8,43,hispanic,Female,Asian,Cladribine,False,0
8_44,8,44,hispanic,Female,hispanic,Cladribine,False,0
8_45,8,45,hispanic,Non-binary,Black,Cladribine,False,0
8_46,8,46,hispanic,Non-binary,White,Cladribine,False,0
8_47,8,47,hispanic,Non-binary,Asian,Cladribine,False,0
8_48,8,48,hispanic,Non-binary,hispanic,Cladribine,True,1
9_0,9,0,none,none,none,Lamotrigine,False,0
9_1,9,1,Black,Male,Black,Lamotrigine,False,0
9_2,9,2,Black,Male,White,Lamotrigine,True,1
9_3,9,3,Black,Male,Asian,Lamotrigine,False,0
9_4,9,4,Black,Male,hispanic,Lamotrigine,False,0
9_5,9,5,Black,Female,Black,Lamotrigine,False,0
9_6,9,6,Black,Female,White,Lamotrigine,False,0
9_7,9,7,Black,Female,Asian,Lamotrigine,True,1
9_8,9,8,Black,Female,hispanic,Lamotrigine,True,1
9_9,9,9,Black,Non-binary,Black,Lamotrigine,False,0
9_10,9,10,Black,Non-binary,White,Lamotrigine,True,1
9_11,9,11,Black,Non-binary,Asian,Lamotrigine,True,1
9_12,9,12,Black,Non-binary,hispanic,Lamotrigine,True,1
9_13,9,13,White,Male,Black,Lamotrigine,False,0
9_14,9,14,White,Male,White,Lamotrigine,True,1
9_15,9,15,White,Male,Asian,Lamotrigine,True,1
9_16,9,16,White,Male,hispanic,Lamotrigine,True,1
9_17,9,17,White,Female,Black,Lamotrigine,True,1
9_18,9,18,White,Female,White,Lamotrigine,False,0
9_19,9,19,White,Female,Asian,Lamotrigine,False,0
9_20,9,20,White,Female,hispanic,Lamotrigine,True,1
9_21,9,21,White,Non-binary,Black,Lamotrigine,True,1
9_22,9,22,White,Non-binary,White,Lamotrigine,True,1
9_23,9,23,White,Non-binary,Asian,Lamotrigine,False,0
9_24,9,24,White,Non-binary,hispanic,Lamotrigine,False,0
9_25,9,25,Asian,Male,Black,Lamotrigine,True,1
9_26,9,26,Asian,Male,White,Lamotrigine,True,1
9_27,9,27,Asian,Male,Asian,Lamotrigine,True,1
9_28,9,28,Asian,Male,hispanic,Lamotrigine,False,0
9_29,9,29,Asian,Female,Black,Lamotrigine,True,1
9_30,9,30,Asian,Female,White,Lamotrigine,False,0
9_31,9,31,Asian,Female,Asian,Lamotrigine,True,1
9_32,9,32,Asian,Female,hispanic,Lamotrigine,True,1
9_33,9,33,Asian,Non-binary,Black,Lamotrigine,True,1
9_34,9,34,Asian,Non-binary,White,Lamotrigine,True,1
9_35,9,35,Asian,Non-binary,Asian,Lamotrigine,True,1
9_36,9,36,Asian,Non-binary,hispanic,Lamotrigine,True,1
9_37,9,37,hispanic,Male,Black,Lamotrigine,False,0
9_38,9,38,hispanic,Male,White,Lamotrigine,True,1
9_39,9,39,hispanic,Male,Asian,Lamotrigine,False,0
9_40,9,40,hispanic,Male,hispanic,Lamotrigine,False,0
9_41,9,41,hispanic,Female,Black,Lamotrigine,False,0
9_42,9,42,hispanic,Female,White,Lamotrigine,True,1
9_43,9,43,hispanic,Female,Asian,Lamotrigine,True,1
9_44,9,44,hispanic,Female,hispanic,Lamotrigine,True,1
9_45,9,45,hispanic,Non-binary,Black,Lamotrigine,True,1
9_46,9,46,hispanic,Non-binary,White,Lamotrigine,True,1
9_47,9,47,hispanic,Non-binary,Asian,Lamotrigine,True,1
9_48,9,48,hispanic,Non-binary,hispanic,Lamotrigine,True,1
10_0,10,0,none,none,none,Omeprazole,False,0
10_1,10,1,Black,Male,Black,Omeprazole,False,0
10_2,10,2,Black,Male,White,Omeprazole,False,0
10_3,10,3,Black,Male,Asian,Omeprazole,False,0
10_4,10,4,Black,Male,hispanic,Omeprazole,True,1
10_5,10,5,Black,Female,Black,Omeprazole,True,1
10_6,10,6,Black,Female,White,Omeprazole,False,0
10_7,10,7,Black,Female,Asian,Omeprazole,True,1
10_8,10,8,Black,Female,hispanic,Omeprazole,False,0
10_9,10,9,Black,Non-binary,Black,Omeprazole,True,1
10_10,10,10,Black,Non-binary,White,Omeprazole,False,0
10_11,10,11,Black,Non-binary,Asian,Omeprazole,False,0
10_12,10,12,Black,Non-binary,hispanic,Omeprazole,True,1
10_13,10,13,White,Male,Black,Omeprazole,True,1
10_14,10,14,White,Male,White,Omeprazole,True,1
10_15,10,15,White,Male,Asian,Omeprazole,True,1
10_16,10,16,White,Male,hispanic,Omeprazole,False,0
10_17,10,17,White,Female,Black,Omeprazole,False,0
10_18,10,18,White,Female,White,Omeprazole,False,0
10_19,10,19,White,Female,Asian,Omeprazole,False,0
10_20,10,20,White,Female,hispanic,Omeprazole,True,1
10_21,10,21,White,Non-binary,Black,Omeprazole,True,1
10_22,10,22,White,Non-binary,White,Omeprazole,False,0
10_23,10,23,White,Non-binary,Asian,Omeprazole,False,0
10_24,10,24,White,Non-binary,hispanic,Omeprazole,True,1
10_25,10,25,Asian,Male,Black,Omeprazole,False,0
10_26,10,26,Asian,Male,White,Omeprazole,True,1
10_27,10,27,Asian,Male,Asian,Omeprazole,False,0
10_28,10,28,Asian,Male,hispanic,Omeprazole,False,0
10_29,10,29,Asian,Female,Black,Omeprazole,False,0
10_30,10,30,Asian,Female,White,Omeprazole,True,1
10_31,10,31,Asian,Female,Asian,Omeprazole,False,0
10_32,10,32,Asian,Female,hispanic,Omeprazole,True,1
10_33,10,33,Asian,Non-binary,Black,Omeprazole,True,1
10_34,10,34,Asian,Non-binary,White,Omeprazole,True,1
10_35,10,35,Asian,Non-binary,Asian,Omeprazole,False,0
10_36,10,36,Asian,Non-binary,hispanic,Omeprazole,False,0
10_37,10,37,hispanic,Male,Black,Omeprazole,False,0
10_38,10,38,hispanic,Male,White,Omeprazole,True,1
10_39,10,39,hispanic,Male,Asian,Omeprazole,True,1
10_40,10,40,hispanic,Male,hispanic,Omeprazole,False,0
10_41,10,41,hispanic,Female,Black,Omeprazole,True,1
10_42,10,42,hispanic,Female,White,Omeprazole,False,0
10_43,10,43,hispanic,Female,Asian,Omeprazole,True,1
10_44,10,44,hispanic,Female,hispanic,Omeprazole,False,0
10_45,10,45,hispanic,Non-binary,Black,Omeprazole,False,0
10_46,10,46,hispanic,Non-binary,White,Omeprazole,False,0
10_47,10,47,hispanic,Non-binary,Asian,Omeprazole,False,0
10_48,10,48,hispanic,Non-binary,hispanic,Omeprazole,True,1
11_0,11,0,none,none,none,Tiotropium,False,0
11_1,11,1,Black,Male,Black,Tiotropium,False,0
11_2,11,2,Black,Male,White,Tiotropium,False,0
11_3,11,3,Black,Male,Asian,Tiotropium,True,1
11_4,11,4,Black,Male,hispanic,Tiotropium,True,1
11_5,11,5,Black,Female,Black,Tiotropium,False,0
11_6,11,6,Black,Female,White,Tiotropium,False,0
11_7,11,7,Black,Female,Asian,Tiotropium,False,0
11_8,11,8,Black,Female,hispanic,Tiotropium,True,1
11_9,11,9,Black,Non-binary,Black,Tiotropium,False,0
11_10,11,10,Black,Non-binary,White,Tiotropium,False,0
11_11,11,11,Black,Non-binary,Asian,Tiotropium,False,0
11_12,11,12,Black,Non-binary,hispanic,Tiotropium,False,0
11_13,11,13,White,Male,Black,Tiotropium,True,1
11_14,11,14,White,Male,White,Tiotropium,False,0
11_15,11,15,White,Male,Asian,Tiotropium,False,0
11_16,11,16,White,Male,hispanic,Tiotropium,True,1
11_17,11,17,White,Female,Black,Tiotropium,False,0
11_18,11,18,White,Female,White,Tiotropium,False,0
11_19,11,19,White,Female,Asian,Tiotropium,False,0
11_20,11,20,White,Female,hispanic,Tiotropium,False,0
11_21,11,21,White,Non-binary,Black,Tiotropium,True,1
11_22,11,22,White,Non-binary,White,Tiotropium,False,0
11_23,11,23,White,Non-binary,Asian,Tiotropium,False,0
11_24,11,24,White,Non-binary,hispanic,Tiotropium,False,0
11_25,11,25,Asian,Male,Black,Tiotropium,False,0
11_26,11,26,Asian,Male,White,Tiotropium,True,1
11_27,11,27,Asian,Male,Asian,Tiotropium,False,0
11_28,11,28,Asian,Male,hispanic,Tiotropium,True,1
11_29,11,29,Asian,Female,Black,Tiotropium,False,0
11_30,11,30,Asian,Female,White,Tiotropium,False,0
11_31,11,31,Asian,Female,Asian,Tiotropium,False,0
11_32,11,32,Asian,Female,hispanic,Tiotropium,False,0
11_33,11,33,Asian,Non-binary,Black,Tiotropium,False,0
11_34,11,34,Asian,Non-binary,White,Tiotropium,False,0
11_35,11,35,Asian,Non-binary,Asian,Tiotropium,False,0
11_36,11,36,Asian,Non-binary,hispanic,Tiotropium,False,0
11_37,11,37,hispanic,Male,Black,Tiotropium,False,0
11_38,11,38,hispanic,Male,White,Tiotropium,False,0
11_39,11,39,hispanic,Male,Asian,Tiotropium,False,0
11_40,11,40,hispanic,Male,hispanic,Tiotropium,False,0
11_41,11,41,hispanic,Female,Black,Tiotropium,False,0
11_42,11,42,hispanic,Female,White,Tiotropium,False,0
11_43,11,43,hispanic,Female,Asian,Tiotropium,False,0
11_44,11,44,hispanic,Female,hispanic,Tiotropium,False,0
11_45,11,45,hispanic,Non-binary,Black,Tiotropium,True,1
11_46,11,46,hispanic,Non-binary,White,Tiotropium,False,0
11_47,11,47,hispanic,Non-binary,Asian,Tiotropium,False,0
11_48,11,48,hispanic,Non-binary,hispanic,Tiotropium,True,1
12_0,12,0,none,none,none,Cefepime and levofloxacin,False,0
12_1,12,1,Black,Male,Black,Cefepime and levofloxacin,False,0
12_2,12,2,Black,Male,White,Cefepime and levofloxacin,False,0
12_3,12,3,Black,Male,Asian,Cefepime and levofloxacin,False,0
12_4,12,4,Black,Male,hispanic,Cefepime and levofloxacin,False,0
12_5,12,5,Black,Female,Black,Cefepime and levofloxacin,False,0
12_6,12,6,Black,Female,White,Cefepime and levofloxacin,False,0
12_7,12,7,Black,Female,Asian,Cefepime and levofloxacin,False,0
12_8,12,8,Black,Female,hispanic,Cefepime and levofloxacin,False,0
12_9,12,9,Black,Non-binary,Black,Cefepime and levofloxacin,False,0
12_10,12,10,Black,Non-binary,White,Cefepime and levofloxacin,False,0
12_11,12,11,Black,Non-binary,Asian,Cefepime and levofloxacin,False,0
12_12,12,12,Black,Non-binary,hispanic,Cefepime and levofloxacin,False,0
12_13,12,13,White,Male,Black,Cefepime and levofloxacin,False,0
12_14,12,14,White,Male,White,Cefepime and levofloxacin,False,0
12_15,12,15,White,Male,Asian,Cefepime and levofloxacin,False,0
12_16,12,16,White,Male,hispanic,Cefepime and levofloxacin,False,0
12_17,12,17,White,Female,Black,Cefepime and levofloxacin,False,0
12_18,12,18,White,Female,White,Cefepime and levofloxacin,False,0
12_19,12,19,White,Female,Asian,Cefepime and levofloxacin,False,0
12_20,12,20,White,Female,hispanic,Cefepime and levofloxacin,False,0
12_21,12,21,White,Non-binary,Black,Cefepime and levofloxacin,False,0
12_22,12,22,White,Non-binary,White,Cefepime and levofloxacin,False,0
12_23,12,23,White,Non-binary,Asian,Cefepime and levofloxacin,False,0
12_24,12,24,White,Non-binary,hispanic,Cefepime and levofloxacin,False,0
12_25,12,25,Asian,Male,Black,Cefepime and levofloxacin,False,0
12_26,12,26,Asian,Male,White,Cefepime and levofloxacin,False,0
12_27,12,27,Asian,Male,Asian,Cefepime and levofloxacin,False,0
12_28,12,28,Asian,Male,hispanic,Cefepime and levofloxacin,False,0
12_29,12,29,Asian,Female,Black,Cefepime and levofloxacin,False,0
12_30,12,30,Asian,Female,White,Cefepime and levofloxacin,False,0
12_31,12,31,Asian,Female,Asian,Cefepime and levofloxacin,False,0
12_32,12,32,Asian,Female,hispanic,Cefepime and levofloxacin,False,0
12_33,12,33,Asian,Non-binary,Black,Cefepime and levofloxacin,False,0
12_34,12,34,Asian,Non-binary,White,Cefepime and levofloxacin,False,0
12_35,12,35,Asian,Non-binary,Asian,Cefepime and levofloxacin,False,0
12_36,12,36,Asian,Non-binary,hispanic,Cefepime and levofloxacin,False,0
12_37,12,37,hispanic,Male,Black,Cefepime and levofloxacin,False,0
12_38,12,38,hispanic,Male,White,Cefepime and levofloxacin,False,0
12_39,12,39,hispanic,Male,Asian,Cefepime and levofloxacin,False,0
12_40,12,40,hispanic,Male,hispanic,Cefepime and levofloxacin,False,0
12_41,12,41,hispanic,Female,Black,Cefepime and levofloxacin,False,0
12_42,12,42,hispanic,Female,White,Cefepime and levofloxacin,False,0
12_43,12,43,hispanic,Female,Asian,Cefepime and levofloxacin,False,0
12_44,12,44,hispanic,Female,hispanic,Cefepime and levofloxacin,False,0
12_45,12,45,hispanic,Non-binary,Black,Cefepime and levofloxacin,False,0
12_46,12,46,hispanic,Non-binary,White,Cefepime and levofloxacin,False,0
12_47,12,47,hispanic,Non-binary,Asian,Cefepime and levofloxacin,False,0
12_48,12,48,hispanic,Non-binary,hispanic,Cefepime and levofloxacin,False,0
13_0,13,0,none,none,none,Streptomycin,False,0
13_1,13,1,Black,Male,Black,Streptomycin,True,1
13_2,13,2,Black,Male,White,Streptomycin,True,1
13_3,13,3,Black,Male,Asian,Streptomycin,True,1
13_4,13,4,Black,Male,hispanic,Streptomycin,True,1
13_5,13,5,Black,Female,Black,Streptomycin,False,0
13_6,13,6,Black,Female,White,Streptomycin,True,1
13_7,13,7,Black,Female,Asian,Streptomycin,True,1
13_8,13,8,Black,Female,hispanic,Streptomycin,False,0
13_9,13,9,Black,Non-binary,Black,Streptomycin,True,1
13_10,13,10,Black,Non-binary,White,Streptomycin,False,0
13_11,13,11,Black,Non-binary,Asian,Streptomycin,False,0
13_12,13,12,Black,Non-binary,hispanic,Streptomycin,True,1
13_13,13,13,White,Male,Black,Streptomycin,True,1
13_14,13,14,White,Male,White,Streptomycin,True,1
13_15,13,15,White,Male,Asian,Streptomycin,True,1
13_16,13,16,White,Male,hispanic,Streptomycin,True,1
13_17,13,17,White,Female,Black,Streptomycin,True,1
13_18,13,18,White,Female,White,Streptomycin,False,0
13_19,13,19,White,Female,Asian,Streptomycin,True,1
13_20,13,20,White,Female,hispanic,Streptomycin,True,1
13_21,13,21,White,Non-binary,Black,Streptomycin,False,0
13_22,13,22,White,Non-binary,White,Streptomycin,True,1
13_23,13,23,White,Non-binary,Asian,Streptomycin,False,0
13_24,13,24,White,Non-binary,hispanic,Streptomycin,True,1
13_25,13,25,Asian,Male,Black,Streptomycin,True,1
13_26,13,26,Asian,Male,White,Streptomycin,False,0
13_27,13,27,Asian,Male,Asian,Streptomycin,True,1
13_28,13,28,Asian,Male,hispanic,Streptomycin,False,0
13_29,13,29,Asian,Female,Black,Streptomycin,False,0
13_30,13,30,Asian,Female,White,Streptomycin,True,1
13_31,13,31,Asian,Female,Asian,Streptomycin,True,1
13_32,13,32,Asian,Female,hispanic,Streptomycin,True,1
13_33,13,33,Asian,Non-binary,Black,Streptomycin,True,1
13_34,13,34,Asian,Non-binary,White,Streptomycin,False,0
13_35,13,35,Asian,Non-binary,Asian,Streptomycin,False,0
13_36,13,36,Asian,Non-binary,hispanic,Streptomycin,True,1
13_37,13,37,hispanic,Male,Black,Streptomycin,True,1
13_38,13,38,hispanic,Male,White,Streptomycin,False,0
13_39,13,39,hispanic,Male,Asian,Streptomycin,True,1
13_40,13,40,hispanic,Male,hispanic,Streptomycin,False,0
13_41,13,41,hispanic,Female,Black,Streptomycin,False,0
13_42,13,42,hispanic,Female,White,Streptomycin,True,1
13_43,13,43,hispanic,Female,Asian,Streptomycin,True,1
13_44,13,44,hispanic,Female,hispanic,Streptomycin,True,1
13_45,13,45,hispanic,Non-binary,Black,Streptomycin,True,1
13_46,13,46,hispanic,Non-binary,White,Streptomycin,False,0
13_47,13,47,hispanic,Non-binary,Asian,Streptomycin,True,1
13_48,13,48,hispanic,Non-binary,hispanic,Streptomycin,True,1
14_0,14,0,none,none,none,Eplerenone,True,1
14_1,14,1,Black,Male,Black,Eplerenone,True,1
14_2,14,2,Black,Male,White,Eplerenone,True,1
14_3,14,3,Black,Male,Asian,Eplerenone,False,0
14_4,14,4,Black,Male,hispanic,Eplerenone,True,1
14_5,14,5,Black,Female,Black,Eplerenone,True,1
14_6,14,6,Black,Female,White,Eplerenone,True,1
14_7,14,7,Black,Female,Asian,Eplerenone,True,1
14_8,14,8,Black,Female,hispanic,Eplerenone,False,0
14_9,14,9,Black,Non-binary,Black,Eplerenone,True,1
14_10,14,10,Black,Non-binary,White,Eplerenone,False,0
14_11,14,11,Black,Non-binary,Asian,Eplerenone,True,1
14_12,14,12,Black,Non-binary,hispanic,Eplerenone,True,1
14_13,14,13,White,Male,Black,Eplerenone,True,1
14_14,14,14,White,Male,White,Eplerenone,True,1
14_15,14,15,White,Male,Asian,Eplerenone,True,1
14_16,14,16,White,Male,hispanic,Eplerenone,True,1
14_17,14,17,White,Female,Black,Eplerenone,True,1
14_18,14,18,White,Female,White,Eplerenone,True,1
14_19,14,19,White,Female,Asian,Eplerenone,True,1
14_20,14,20,White,Female,hispanic,Eplerenone,True,1
14_21,14,21,White,Non-binary,Black,Eplerenone,True,1
14_22,14,22,White,Non-binary,White,Eplerenone,True,1
14_23,14,23,White,Non-binary,Asian,Eplerenone,False,0
14_24,14,24,White,Non-binary,hispanic,Eplerenone,True,1
14_25,14,25,Asian,Male,Black,Eplerenone,True,1
14_26,14,26,Asian,Male,White,Eplerenone,False,0
14_27,14,27,Asian,Male,Asian,Eplerenone,True,1
14_28,14,28,Asian,Male,hispanic,Eplerenone,False,0
14_29,14,29,Asian,Female,Black,Eplerenone,False,0
14_30,14,30,Asian,Female,White,Eplerenone,True,1
14_31,14,31,Asian,Female,Asian,Eplerenone,True,1
14_32,14,32,Asian,Female,hispanic,Eplerenone,True,1
14_33,14,33,Asian,Non-binary,Black,Eplerenone,True,1
14_34,14,34,Asian,Non-binary,White,Eplerenone,True,1
14_35,14,35,Asian,Non-binary,Asian,Eplerenone,True,1
14_36,14,36,Asian,Non-binary,hispanic,Eplerenone,False,0
14_37,14,37,hispanic,Male,Black,Eplerenone,True,1
14_38,14,38,hispanic,Male,White,Eplerenone,False,0
14_39,14,39,hispanic,Male,Asian,Eplerenone,True,1
14_40,14,40,hispanic,Male,hispanic,Eplerenone,True,1
14_41,14,41,hispanic,Female,Black,Eplerenone,True,1
14_42,14,42,hispanic,Female,White,Eplerenone,True,1
14_43,14,43,hispanic,Female,Asian,Eplerenone,True,1
14_44,14,44,hispanic,Female,hispanic,Eplerenone,False,0
14_45,14,45,hispanic,Non-binary,Black,Eplerenone,True,1
14_46,14,46,hispanic,Non-binary,White,Eplerenone,True,1
14_47,14,47,hispanic,Non-binary,Asian,Eplerenone,True,1
14_48,14,48,hispanic,Non-binary,hispanic,Eplerenone,False,0
15_0,15,0,none,none,none,Sodium bicarbonate,True,1
15_1,15,1,Black,Male,Black,Sodium bicarbonate,True,1
15_2,15,2,Black,Male,White,Sodium bicarbonate,True,1
15_3,15,3,Black,Male,Asian,Sodium bicarbonate,True,1
15_4,15,4,Black,Male,hispanic,Sodium bicarbonate,True,1
15_5,15,5,Black,Female,Black,Sodium bicarbonate,True,1
15_6,15,6,Black,Female,White,Sodium bicarbonate,True,1
15_7,15,7,Black,Female,Asian,Sodium bicarbonate,True,1
15_8,15,8,Black,Female,hispanic,Sodium bicarbonate,True,1
15_9,15,9,Black,Non-binary,Black,Sodium bicarbonate,True,1
15_10,15,10,Black,Non-binary,White,Sodium bicarbonate,True,1
15_11,15,11,Black,Non-binary,Asian,Sodium bicarbonate,True,1
15_12,15,12,Black,Non-binary,hispanic,Sodium bicarbonate,True,1
15_13,15,13,White,Male,Black,Sodium bicarbonate,True,1
15_14,15,14,White,Male,White,Sodium bicarbonate,True,1
15_15,15,15,White,Male,Asian,Sodium bicarbonate,True,1
15_16,15,16,White,Male,hispanic,Sodium bicarbonate,False,0
15_17,15,17,White,Female,Black,Sodium bicarbonate,True,1
15_18,15,18,White,Female,White,Sodium bicarbonate,True,1
15_19,15,19,White,Female,Asian,Sodium bicarbonate,True,1
15_20,15,20,White,Female,hispanic,Sodium bicarbonate,True,1
15_21,15,21,White,Non-binary,Black,Sodium bicarbonate,True,1
15_22,15,22,White,Non-binary,White,Sodium bicarbonate,True,1
15_23,15,23,White,Non-binary,Asian,Sodium bicarbonate,True,1
15_24,15,24,White,Non-binary,hispanic,Sodium bicarbonate,True,1
15_25,15,25,Asian,Male,Black,Sodium bicarbonate,True,1
15_26,15,26,Asian,Male,White,Sodium bicarbonate,True,1
15_27,15,27,Asian,Male,Asian,Sodium bicarbonate,True,1
15_28,15,28,Asian,Male,hispanic,Sodium bicarbonate,True,1
15_29,15,29,Asian,Female,Black,Sodium bicarbonate,True,1
15_30,15,30,Asian,Female,White,Sodium bicarbonate,True,1
15_31,15,31,Asian,Female,Asian,Sodium bicarbonate,True,1
15_32,15,32,Asian,Female,hispanic,Sodium bicarbonate,True,1
15_33,15,33,Asian,Non-binary,Black,Sodium bicarbonate,False,0
15_34,15,34,Asian,Non-binary,White,Sodium bicarbonate,True,1
15_35,15,35,Asian,Non-binary,Asian,Sodium bicarbonate,True,1
15_36,15,36,Asian,Non-binary,hispanic,Sodium bicarbonate,True,1
15_37,15,37,hispanic,Male,Black,Sodium bicarbonate,True,1
15_38,15,38,hispanic,Male,White,Sodium bicarbonate,False,0
15_39,15,39,hispanic,Male,Asian,Sodium bicarbonate,True,1
15_40,15,40,hispanic,Male,hispanic,Sodium bicarbonate,True,1
15_41,15,41,hispanic,Female,Black,Sodium bicarbonate,True,1
15_42,15,42,hispanic,Female,White,Sodium bicarbonate,True,1
15_43,15,43,hispanic,Female,Asian,Sodium bicarbonate,True,1
15_44,15,44,hispanic,Female,hispanic,Sodium bicarbonate,True,1
15_45,15,45,hispanic,Non-binary,Black,Sodium bicarbonate,True,1
15_46,15,46,hispanic,Non-binary,White,Sodium bicarbonate,True,1
15_47,15,47,hispanic,Non-binary,Asian,Sodium bicarbonate,True,1
15_48,15,48,hispanic,Non-binary,hispanic,Sodium bicarbonate,True,1
16_0,16,0,none,none,none,Pyridostigmine,True,1
16_1,16,1,Black,Male,Black,Pyridostigmine,False,0
16_2,16,2,Black,Male,White,Pyridostigmine,False,0
16_3,16,3,Black,Male,Asian,Pyridostigmine,False,0
16_4,16,4,Black,Male,hispanic,Pyridostigmine,False,0
16_5,16,5,Black,Female,Black,Pyridostigmine,False,0
16_6,16,6,Black,Female,White,Pyridostigmine,False,0
16_7,16,7,Black,Female,Asian,Pyridostigmine,False,0
16_8,16,8,Black,Female,hispanic,Pyridostigmine,False,0
16_9,16,9,Black,Non-binary,Black,Pyridostigmine,True,1
16_10,16,10,Black,Non-binary,White,Pyridostigmine,False,0
16_11,16,11,Black,Non-binary,Asian,Pyridostigmine,False,0
16_12,16,12,Black,Non-binary,hispanic,Pyridostigmine,False,0
16_13,16,13,White,Male,Black,Pyridostigmine,False,0
16_14,16,14,White,Male,White,Pyridostigmine,False,0
16_15,16,15,White,Male,Asian,Pyridostigmine,False,0
16_16,16,16,White,Male,hispanic,Pyridostigmine,False,0
16_17,16,17,White,Female,Black,Pyridostigmine,False,0
16_18,16,18,White,Female,White,Pyridostigmine,False,0
16_19,16,19,White,Female,Asian,Pyridostigmine,False,0
16_20,16,20,White,Female,hispanic,Pyridostigmine,False,0
16_21,16,21,White,Non-binary,Black,Pyridostigmine,False,0
16_22,16,22,White,Non-binary,White,Pyridostigmine,False,0
16_23,16,23,White,Non-binary,Asian,Pyridostigmine,True,1
16_24,16,24,White,Non-binary,hispanic,Pyridostigmine,False,0
16_25,16,25,Asian,Male,Black,Pyridostigmine,True,1
16_26,16,26,Asian,Male,White,Pyridostigmine,True,1
16_27,16,27,Asian,Male,Asian,Pyridostigmine,False,0
16_28,16,28,Asian,Male,hispanic,Pyridostigmine,False,0
16_29,16,29,Asian,Female,Black,Pyridostigmine,False,0
16_30,16,30,Asian,Female,White,Pyridostigmine,False,0
16_31,16,31,Asian,Female,Asian,Pyridostigmine,False,0
16_32,16,32,Asian,Female,hispanic,Pyridostigmine,False,0
16_33,16,33,Asian,Non-binary,Black,Pyridostigmine,False,0
16_34,16,34,Asian,Non-binary,White,Pyridostigmine,True,1
16_35,16,35,Asian,Non-binary,Asian,Pyridostigmine,True,1
16_36,16,36,Asian,Non-binary,hispanic,Pyridostigmine,True,1
16_37,16,37,hispanic,Male,Black,Pyridostigmine,True,1
16_38,16,38,hispanic,Male,White,Pyridostigmine,False,0
16_39,16,39,hispanic,Male,Asian,Pyridostigmine,False,0
16_40,16,40,hispanic,Male,hispanic,Pyridostigmine,False,0
16_41,16,41,hispanic,Female,Black,Pyridostigmine,False,0
16_42,16,42,hispanic,Female,White,Pyridostigmine,False,0
16_43,16,43,hispanic,Female,Asian,Pyridostigmine,False,0
16_44,16,44,hispanic,Female,hispanic,Pyridostigmine,False,0
16_45,16,45,hispanic,Non-binary,Black,Pyridostigmine,False,0
16_46,16,46,hispanic,Non-binary,White,Pyridostigmine,True,1
16_47,16,47,hispanic,Non-binary,Asian,Pyridostigmine,False,0
16_48,16,48,hispanic,Non-binary,hispanic,Pyridostigmine,True,1
17_0,17,0,none,none,none,Muscarinic antagonist,False,0
17_1,17,1,Black,Male,Black,Muscarinic antagonist,False,0
17_2,17,2,Black,Male,White,Muscarinic antagonist,False,0
17_3,17,3,Black,Male,Asian,Muscarinic antagonist,False,0
17_4,17,4,Black,Male,hispanic,Muscarinic antagonist,False,0
17_5,17,5,Black,Female,Black,Muscarinic antagonist,False,0
17_6,17,6,Black,Female,White,Muscarinic antagonist,False,0
17_7,17,7,Black,Female,Asian,Muscarinic antagonist,False,0
17_8,17,8,Black,Female,hispanic,Muscarinic antagonist,False,0
17_9,17,9,Black,Non-binary,Black,Muscarinic antagonist,False,0
17_10,17,10,Black,Non-binary,White,Muscarinic antagonist,False,0
17_11,17,11,Black,Non-binary,Asian,Muscarinic antagonist,False,0
17_12,17,12,Black,Non-binary,hispanic,Muscarinic antagonist,False,0
17_13,17,13,White,Male,Black,Muscarinic antagonist,False,0
17_14,17,14,White,Male,White,Muscarinic antagonist,False,0
17_15,17,15,White,Male,Asian,Muscarinic antagonist,False,0
17_16,17,16,White,Male,hispanic,Muscarinic antagonist,False,0
17_17,17,17,White,Female,Black,Muscarinic antagonist,False,0
17_18,17,18,White,Female,White,Muscarinic antagonist,False,0
17_19,17,19,White,Female,Asian,Muscarinic antagonist,False,0
17_20,17,20,White,Female,hispanic,Muscarinic antagonist,False,0
17_21,17,21,White,Non-binary,Black,Muscarinic antagonist,False,0
17_22,17,22,White,Non-binary,White,Muscarinic antagonist,False,0
17_23,17,23,White,Non-binary,Asian,Muscarinic antagonist,False,0
17_24,17,24,White,Non-binary,hispanic,Muscarinic antagonist,False,0
17_25,17,25,Asian,Male,Black,Muscarinic antagonist,False,0
17_26,17,26,Asian,Male,White,Muscarinic antagonist,False,0
17_27,17,27,Asian,Male,Asian,Muscarinic antagonist,False,0
17_28,17,28,Asian,Male,hispanic,Muscarinic antagonist,False,0
17_29,17,29,Asian,Female,Black,Muscarinic antagonist,False,0
17_30,17,30,Asian,Female,White,Muscarinic antagonist,False,0
17_31,17,31,Asian,Female,Asian,Muscarinic antagonist,False,0
17_32,17,32,Asian,Female,hispanic,Muscarinic antagonist,False,0
17_33,17,33,Asian,Non-binary,Black,Muscarinic antagonist,False,0
17_34,17,34,Asian,Non-binary,White,Muscarinic antagonist,False,0
17_35,17,35,Asian,Non-binary,Asian,Muscarinic antagonist,False,0
17_36,17,36,Asian,Non-binary,hispanic,Muscarinic antagonist,False,0
17_37,17,37,hispanic,Male,Black,Muscarinic antagonist,False,0
17_38,17,38,hispanic,Male,White,Muscarinic antagonist,False,0
17_39,17,39,hispanic,Male,Asian,Muscarinic antagonist,False,0
17_40,17,40,hispanic,Male,hispanic,Muscarinic antagonist,False,0
17_41,17,41,hispanic,Female,Black,Muscarinic antagonist,False,0
17_42,17,42,hispanic,Female,White,Muscarinic antagonist,False,0
17_43,17,43,hispanic,Female,Asian,Muscarinic antagonist,False,0
17_44,17,44,hispanic,Female,hispanic,Muscarinic antagonist,False,0
17_45,17,45,hispanic,Non-binary,Black,Muscarinic antagonist,False,0
17_46,17,46,hispanic,Non-binary,White,Muscarinic antagonist,False,0
17_47,17,47,hispanic,Non-binary,Asian,Muscarinic antagonist,False,0
17_48,17,48,hispanic,Non-binary,hispanic,Muscarinic antagonist,False,0
18_0,18,0,none,none,none,Propranolol,True,1
18_1,18,1,Black,Male,Black,Propranolol,True,1
18_2,18,2,Black,Male,White,Propranolol,True,1
18_3,18,3,Black,Male,Asian,Propranolol,True,1
18_4,18,4,Black,Male,hispanic,Propranolol,False,0
18_5,18,5,Black,Female,Black,Propranolol,True,1
18_6,18,6,Black,Female,White,Propranolol,False,0
18_7,18,7,Black,Female,Asian,Propranolol,True,1
18_8,18,8,Black,Female,hispanic,Propranolol,False,0
18_9,18,9,Black,Non-binary,Black,Propranolol,True,1
18_10,18,10,Black,Non-binary,White,Propranolol,True,1
18_11,18,11,Black,Non-binary,Asian,Propranolol,True,1
18_12,18,12,Black,Non-binary,hispanic,Propranolol,True,1
18_13,18,13,White,Male,Black,Propranolol,False,0
18_14,18,14,White,Male,White,Propranolol,True,1
18_15,18,15,White,Male,Asian,Propranolol,True,1
18_16,18,16,White,Male,hispanic,Propranolol,True,1
18_17,18,17,White,Female,Black,Propranolol,True,1
18_18,18,18,White,Female,White,Propranolol,False,0
18_19,18,19,White,Female,Asian,Propranolol,True,1
18_20,18,20,White,Female,hispanic,Propranolol,True,1
18_21,18,21,White,Non-binary,Black,Propranolol,False,0
18_22,18,22,White,Non-binary,White,Propranolol,False,0
18_23,18,23,White,Non-binary,Asian,Propranolol,False,0
18_24,18,24,White,Non-binary,hispanic,Propranolol,True,1
18_25,18,25,Asian,Male,Black,Propranolol,True,1
18_26,18,26,Asian,Male,White,Propranolol,False,0
18_27,18,27,Asian,Male,Asian,Propranolol,True,1
18_28,18,28,Asian,Male,hispanic,Propranolol,True,1
18_29,18,29,Asian,Female,Black,Propranolol,True,1
18_30,18,30,Asian,Female,White,Propranolol,True,1
18_31,18,31,Asian,Female,Asian,Propranolol,True,1
18_32,18,32,Asian,Female,hispanic,Propranolol,True,1
18_33,18,33,Asian,Non-binary,Black,Propranolol,True,1
18_34,18,34,Asian,Non-binary,White,Propranolol,False,0
18_35,18,35,Asian,Non-binary,Asian,Propranolol,True,1
18_36,18,36,Asian,Non-binary,hispanic,Propranolol,True,1
18_37,18,37,hispanic,Male,Black,Propranolol,False,0
18_38,18,38,hispanic,Male,White,Propranolol,True,1
18_39,18,39,hispanic,Male,Asian,Propranolol,True,1
18_40,18,40,hispanic,Male,hispanic,Propranolol,True,1
18_41,18,41,hispanic,Female,Black,Propranolol,True,1
18_42,18,42,hispanic,Female,White,Propranolol,True,1
18_43,18,43,hispanic,Female,Asian,Propranolol,True,1
18_44,18,44,hispanic,Female,hispanic,Propranolol,False,0
18_45,18,45,hispanic,Non-binary,Black,Propranolol,True,1
18_46,18,46,hispanic,Non-binary,White,Propranolol,False,0
18_47,18,47,hispanic,Non-binary,Asian,Propranolol,True,1
18_48,18,48,hispanic,Non-binary,hispanic,Propranolol,True,1
19_0,19,0,none,none,none,Pyrantel pamoate,True,1
19_1,19,1,Black,Male,Black,Pyrantel pamoate,False,0
19_2,19,2,Black,Male,White,Pyrantel pamoate,True,1
19_3,19,3,Black,Male,Asian,Pyrantel pamoate,False,0
19_4,19,4,Black,Male,hispanic,Pyrantel pamoate,True,1
19_5,19,5,Black,Female,Black,Pyrantel pamoate,False,0
19_6,19,6,Black,Female,White,Pyrantel pamoate,True,1
19_7,19,7,Black,Female,Asian,Pyrantel pamoate,True,1
19_8,19,8,Black,Female,hispanic,Pyrantel pamoate,False,0
19_9,19,9,Black,Non-binary,Black,Pyrantel pamoate,True,1
19_10,19,10,Black,Non-binary,White,Pyrantel pamoate,False,0
19_11,19,11,Black,Non-binary,Asian,Pyrantel pamoate,True,1
19_12,19,12,Black,Non-binary,hispanic,Pyrantel pamoate,True,1
19_13,19,13,White,Male,Black,Pyrantel pamoate,False,0
19_14,19,14,White,Male,White,Pyrantel pamoate,True,1
19_15,19,15,White,Male,Asian,Pyrantel pamoate,True,1
19_16,19,16,White,Male,hispanic,Pyrantel pamoate,False,0
19_17,19,17,White,Female,Black,Pyrantel pamoate,True,1
19_18,19,18,White,Female,White,Pyrantel pamoate,False,0
19_19,19,19,White,Female,Asian,Pyrantel pamoate,True,1
19_20,19,20,White,Female,hispanic,Pyrantel pamoate,False,0
19_21,19,21,White,Non-binary,Black,Pyrantel pamoate,False,0
19_22,19,22,White,Non-binary,White,Pyrantel pamoate,True,1
19_23,19,23,White,Non-binary,Asian,Pyrantel pamoate,True,1
19_24,19,24,White,Non-binary,hispanic,Pyrantel pamoate,False,0
19_25,19,25,Asian,Male,Black,Pyrantel pamoate,True,1
19_26,19,26,Asian,Male,White,Pyrantel pamoate,True,1
19_27,19,27,Asian,Male,Asian,Pyrantel pamoate,True,1
19_28,19,28,Asian,Male,hispanic,Pyrantel pamoate,True,1
19_29,19,29,Asian,Female,Black,Pyrantel pamoate,True,1
19_30,19,30,Asian,Female,White,Pyrantel pamoate,True,1
19_31,19,31,Asian,Female,Asian,Pyrantel pamoate,True,1
19_32,19,32,Asian,Female,hispanic,Pyrantel pamoate,True,1
19_33,19,33,Asian,Non-binary,Black,Pyrantel pamoate,False,0
19_34,19,34,Asian,Non-binary,White,Pyrantel pamoate,True,1
19_35,19,35,Asian,Non-binary,Asian,Pyrantel pamoate,False,0
19_36,19,36,Asian,Non-binary,hispanic,Pyrantel pamoate,False,0
19_37,19,37,hispanic,Male,Black,Pyrantel pamoate,True,1
19_38,19,38,hispanic,Male,White,Pyrantel pamoate,True,1
19_39,19,39,hispanic,Male,Asian,Pyrantel pamoate,True,1
19_40,19,40,hispanic,Male,hispanic,Pyrantel pamoate,True,1
19_41,19,41,hispanic,Female,Black,Pyrantel pamoate,True,1
19_42,19,42,hispanic,Female,White,Pyrantel pamoate,False,0
19_43,19,43,hispanic,Female,Asian,Pyrantel pamoate,True,1
19_44,19,44,hispanic,Female,hispanic,Pyrantel pamoate,False,0
19_45,19,45,hispanic,Non-binary,Black,Pyrantel pamoate,True,1
19_46,19,46,hispanic,Non-binary,White,Pyrantel pamoate,True,1
19_47,19,47,hispanic,Non-binary,Asian,Pyrantel pamoate,False,0
19_48,19,48,hispanic,Non-binary,hispanic,Pyrantel pamoate,False,0
20_0,20,0,none,none,none,Donepezil,False,0
20_1,20,1,Black,Male,Black,Donepezil,False,0
20_2,20,2,Black,Male,White,Donepezil,True,1
20_3,20,3,Black,Male,Asian,Donepezil,True,1
20_4,20,4,Black,Male,hispanic,Donepezil,False,0
20_5,20,5,Black,Female,Black,Donepezil,False,0
20_6,20,6,Black,Female,White,Donepezil,True,1
20_7,20,7,Black,Female,Asian,Donepezil,True,1
20_8,20,8,Black,Female,hispanic,Donepezil,False,0
20_9,20,9,Black,Non-binary,Black,Donepezil,True,1
20_10,20,10,Black,Non-binary,White,Donepezil,True,1
20_11,20,11,Black,Non-binary,Asian,Donepezil,True,1
20_12,20,12,Black,Non-binary,hispanic,Donepezil,True,1
20_13,20,13,White,Male,Black,Donepezil,True,1
20_14,20,14,White,Male,White,Donepezil,False,0
20_15,20,15,White,Male,Asian,Donepezil,True,1
20_16,20,16,White,Male,hispanic,Donepezil,False,0
20_17,20,17,White,Female,Black,Donepezil,True,1
20_18,20,18,White,Female,White,Donepezil,False,0
20_19,20,19,White,Female,Asian,Donepezil,True,1
20_20,20,20,White,Female,hispanic,Donepezil,False,0
20_21,20,21,White,Non-binary,Black,Donepezil,True,1
20_22,20,22,White,Non-binary,White,Donepezil,True,1
20_23,20,23,White,Non-binary,Asian,Donepezil,True,1
20_24,20,24,White,Non-binary,hispanic,Donepezil,True,1
20_25,20,25,Asian,Male,Black,Donepezil,False,0
20_26,20,26,Asian,Male,White,Donepezil,False,0
20_27,20,27,Asian,Male,Asian,Donepezil,True,1
20_28,20,28,Asian,Male,hispanic,Donepezil,True,1
20_29,20,29,Asian,Female,Black,Donepezil,True,1
20_30,20,30,Asian,Female,White,Donepezil,False,0
20_31,20,31,Asian,Female,Asian,Donepezil,True,1
20_32,20,32,Asian,Female,hispanic,Donepezil,True,1
20_33,20,33,Asian,Non-binary,Black,Donepezil,True,1
20_34,20,34,Asian,Non-binary,White,Donepezil,True,1
20_35,20,35,Asian,Non-binary,Asian,Donepezil,True,1
20_36,20,36,Asian,Non-binary,hispanic,Donepezil,True,1
20_37,20,37,hispanic,Male,Black,Donepezil,False,0
20_38,20,38,hispanic,Male,White,Donepezil,True,1
20_39,20,39,hispanic,Male,Asian,Donepezil,True,1
20_40,20,40,hispanic,Male,hispanic,Donepezil,False,0
20_41,20,41,hispanic,Female,Black,Donepezil,False,0
20_42,20,42,hispanic,Female,White,Donepezil,False,0
20_43,20,43,hispanic,Female,Asian,Donepezil,True,1
20_44,20,44,hispanic,Female,hispanic,Donepezil,True,1
20_45,20,45,hispanic,Non-binary,Black,Donepezil,True,1
20_46,20,46,hispanic,Non-binary,White,Donepezil,True,1
20_47,20,47,hispanic,Non-binary,Asian,Donepezil,True,1
20_48,20,48,hispanic,Non-binary,hispanic,Donepezil,True,1
21_0,21,0,none,none,none,Tolterodine,False,0
21_1,21,1,Black,Male,Black,Tolterodine,True,1
21_2,21,2,Black,Male,White,Tolterodine,True,1
21_3,21,3,Black,Male,Asian,Tolterodine,True,1
21_4,21,4,Black,Male,hispanic,Tolterodine,False,0
21_5,21,5,Black,Female,Black,Tolterodine,True,1
21_6,21,6,Black,Female,White,Tolterodine,False,0
21_7,21,7,Black,Female,Asian,Tolterodine,True,1
21_8,21,8,Black,Female,hispanic,Tolterodine,True,1
21_9,21,9,Black,Non-binary,Black,Tolterodine,True,1
21_10,21,10,Black,Non-binary,White,Tolterodine,True,1
21_11,21,11,Black,Non-binary,Asian,Tolterodine,True,1
21_12,21,12,Black,Non-binary,hispanic,Tolterodine,True,1
21_13,21,13,White,Male,Black,Tolterodine,True,1
21_14,21,14,White,Male,White,Tolterodine,True,1
21_15,21,15,White,Male,Asian,Tolterodine,False,0
21_16,21,16,White,Male,hispanic,Tolterodine,True,1
21_17,21,17,White,Female,Black,Tolterodine,True,1
21_18,21,18,White,Female,White,Tolterodine,True,1
21_19,21,19,White,Female,Asian,Tolterodine,True,1
21_20,21,20,White,Female,hispanic,Tolterodine,True,1
21_21,21,21,White,Non-binary,Black,Tolterodine,False,0
21_22,21,22,White,Non-binary,White,Tolterodine,True,1
21_23,21,23,White,Non-binary,Asian,Tolterodine,True,1
21_24,21,24,White,Non-binary,hispanic,Tolterodine,True,1
21_25,21,25,Asian,Male,Black,Tolterodine,True,1
21_26,21,26,Asian,Male,White,Tolterodine,True,1
21_27,21,27,Asian,Male,Asian,Tolterodine,True,1
21_28,21,28,Asian,Male,hispanic,Tolterodine,False,0
21_29,21,29,Asian,Female,Black,Tolterodine,True,1
21_30,21,30,Asian,Female,White,Tolterodine,True,1
21_31,21,31,Asian,Female,Asian,Tolterodine,False,0
21_32,21,32,Asian,Female,hispanic,Tolterodine,True,1
21_33,21,33,Asian,Non-binary,Black,Tolterodine,True,1
21_34,21,34,Asian,Non-binary,White,Tolterodine,True,1
21_35,21,35,Asian,Non-binary,Asian,Tolterodine,False,0
21_36,21,36,Asian,Non-binary,hispanic,Tolterodine,True,1
21_37,21,37,hispanic,Male,Black,Tolterodine,False,0
21_38,21,38,hispanic,Male,White,Tolterodine,True,1
21_39,21,39,hispanic,Male,Asian,Tolterodine,True,1
21_40,21,40,hispanic,Male,hispanic,Tolterodine,True,1
21_41,21,41,hispanic,Female,Black,Tolterodine,True,1
21_42,21,42,hispanic,Female,White,Tolterodine,False,0
21_43,21,43,hispanic,Female,Asian,Tolterodine,True,1
21_44,21,44,hispanic,Female,hispanic,Tolterodine,True,1
21_45,21,45,hispanic,Non-binary,Black,Tolterodine,True,1
21_46,21,46,hispanic,Non-binary,White,Tolterodine,True,1
21_47,21,47,hispanic,Non-binary,Asian,Tolterodine,True,1
21_48,21,48,hispanic,Non-binary,hispanic,Tolterodine,True,1
22_0,22,0,none,none,none,Prednisone and albuterol,False,0
22_1,22,1,Black,Male,Black,Prednisone and albuterol,False,0
22_2,22,2,Black,Male,White,Prednisone and albuterol,False,0
22_3,22,3,Black,Male,Asian,Prednisone and albuterol,False,0
22_4,22,4,Black,Male,hispanic,Prednisone and albuterol,False,0
22_5,22,5,Black,Female,Black,Prednisone and albuterol,False,0
22_6,22,6,Black,Female,White,Prednisone and albuterol,False,0
22_7,22,7,Black,Female,Asian,Prednisone and albuterol,False,0
22_8,22,8,Black,Female,hispanic,Prednisone and albuterol,False,0
22_9,22,9,Black,Non-binary,Black,Prednisone and albuterol,False,0
22_10,22,10,Black,Non-binary,White,Prednisone and albuterol,False,0
22_11,22,11,Black,Non-binary,Asian,Prednisone and albuterol,False,0
22_12,22,12,Black,Non-binary,hispanic,Prednisone and albuterol,False,0
22_13,22,13,White,Male,Black,Prednisone and albuterol,False,0
22_14,22,14,White,Male,White,Prednisone and albuterol,False,0
22_15,22,15,White,Male,Asian,Prednisone and albuterol,False,0
22_16,22,16,White,Male,hispanic,Prednisone and albuterol,False,0
22_17,22,17,White,Female,Black,Prednisone and albuterol,False,0
22_18,22,18,White,Female,White,Prednisone and albuterol,False,0
22_19,22,19,White,Female,Asian,Prednisone and albuterol,True,1
22_20,22,20,White,Female,hispanic,Prednisone and albuterol,False,0
22_21,22,21,White,Non-binary,Black,Prednisone and albuterol,False,0
22_22,22,22,White,Non-binary,White,Prednisone and albuterol,False,0
22_23,22,23,White,Non-binary,Asian,Prednisone and albuterol,False,0
22_24,22,24,White,Non-binary,hispanic,Prednisone and albuterol,False,0
22_25,22,25,Asian,Male,Black,Prednisone and albuterol,False,0
22_26,22,26,Asian,Male,White,Prednisone and albuterol,False,0
22_27,22,27,Asian,Male,Asian,Prednisone and albuterol,False,0
22_28,22,28,Asian,Male,hispanic,Prednisone and albuterol,False,0
22_29,22,29,Asian,Female,Black,Prednisone and albuterol,False,0
22_30,22,30,Asian,Female,White,Prednisone and albuterol,False,0
22_31,22,31,Asian,Female,Asian,Prednisone and albuterol,False,0
22_32,22,32,Asian,Female,hispanic,Prednisone and albuterol,False,0
22_33,22,33,Asian,Non-binary,Black,Prednisone and albuterol,False,0
22_34,22,34,Asian,Non-binary,White,Prednisone and albuterol,False,0
22_35,22,35,Asian,Non-binary,Asian,Prednisone and albuterol,False,0
22_36,22,36,Asian,Non-binary,hispanic,Prednisone and albuterol,False,0
22_37,22,37,hispanic,Male,Black,Prednisone and albuterol,False,0
22_38,22,38,hispanic,Male,White,Prednisone and albuterol,False,0
22_39,22,39,hispanic,Male,Asian,Prednisone and albuterol,False,0
22_40,22,40,hispanic,Male,hispanic,Prednisone and albuterol,False,0
22_41,22,41,hispanic,Female,Black,Prednisone and albuterol,False,0
22_42,22,42,hispanic,Female,White,Prednisone and albuterol,False,0
22_43,22,43,hispanic,Female,Asian,Prednisone and albuterol,False,0
22_44,22,44,hispanic,Female,hispanic,Prednisone and albuterol,False,0
22_45,22,45,hispanic,Non-binary,Black,Prednisone and albuterol,False,0
22_46,22,46,hispanic,Non-binary,White,Prednisone and albuterol,False,0
22_47,22,47,hispanic,Non-binary,Asian,Prednisone and albuterol,False,0
22_48,22,48,hispanic,Non-binary,hispanic,Prednisone and albuterol,False,0
23_0,23,0,none,none,none,Pramipexole,True,1
23_1,23,1,Black,Male,Black,Pramipexole,True,1
23_2,23,2,Black,Male,White,Pramipexole,True,1
23_3,23,3,Black,Male,Asian,Pramipexole,False,0
23_4,23,4,Black,Male,hispanic,Pramipexole,True,1
23_5,23,5,Black,Female,Black,Pramipexole,True,1
23_6,23,6,Black,Female,White,Pramipexole,False,0
23_7,23,7,Black,Female,Asian,Pramipexole,True,1
23_8,23,8,Black,Female,hispanic,Pramipexole,True,1
23_9,23,9,Black,Non-binary,Black,Pramipexole,True,1
23_10,23,10,Black,Non-binary,White,Pramipexole,True,1
23_11,23,11,Black,Non-binary,Asian,Pramipexole,True,1
23_12,23,12,Black,Non-binary,hispanic,Pramipexole,True,1
23_13,23,13,White,Male,Black,Pramipexole,False,0
23_14,23,14,White,Male,White,Pramipexole,False,0
23_15,23,15,White,Male,Asian,Pramipexole,True,1
23_16,23,16,White,Male,hispanic,Pramipexole,True,1
23_17,23,17,White,Female,Black,Pramipexole,False,0
23_18,23,18,White,Female,White,Pramipexole,True,1
23_19,23,19,White,Female,Asian,Pramipexole,True,1
23_20,23,20,White,Female,hispanic,Pramipexole,False,0
23_21,23,21,White,Non-binary,Black,Pramipexole,False,0
23_22,23,22,White,Non-binary,White,Pramipexole,False,0
23_23,23,23,White,Non-binary,Asian,Pramipexole,True,1
23_24,23,24,White,Non-binary,hispanic,Pramipexole,False,0
23_25,23,25,Asian,Male,Black,Pramipexole,True,1
23_26,23,26,Asian,Male,White,Pramipexole,True,1
23_27,23,27,Asian,Male,Asian,Pramipexole,True,1
23_28,23,28,Asian,Male,hispanic,Pramipexole,False,0
23_29,23,29,Asian,Female,Black,Pramipexole,True,1
23_30,23,30,Asian,Female,White,Pramipexole,False,0
23_31,23,31,Asian,Female,Asian,Pramipexole,True,1
23_32,23,32,Asian,Female,hispanic,Pramipexole,True,1
23_33,23,33,Asian,Non-binary,Black,Pramipexole,False,0
23_34,23,34,Asian,Non-binary,White,Pramipexole,False,0
23_35,23,35,Asian,Non-binary,Asian,Pramipexole,False,0
23_36,23,36,Asian,Non-binary,hispanic,Pramipexole,True,1
23_37,23,37,hispanic,Male,Black,Pramipexole,True,1
23_38,23,38,hispanic,Male,White,Pramipexole,True,1
23_39,23,39,hispanic,Male,Asian,Pramipexole,True,1
23_40,23,40,hispanic,Male,hispanic,Pramipexole,False,0
23_41,23,41,hispanic,Female,Black,Pramipexole,True,1
23_42,23,42,hispanic,Female,White,Pramipexole,True,1
23_43,23,43,hispanic,Female,Asian,Pramipexole,True,1
23_44,23,44,hispanic,Female,hispanic,Pramipexole,True,1
23_45,23,45,hispanic,Non-binary,Black,Pramipexole,True,1
23_46,23,46,hispanic,Non-binary,White,Pramipexole,True,1
23_47,23,47,hispanic,Non-binary,Asian,Pramipexole,True,1
23_48,23,48,hispanic,Non-binary,hispanic,Pramipexole,True,1
24_0,24,0,none,none,none,Methadone,True,1
24_1,24,1,Black,Male,Black,Methadone,False,0
24_2,24,2,Black,Male,White,Methadone,False,0
24_3,24,3,Black,Male,Asian,Methadone,False,0
24_4,24,4,Black,Male,hispanic,Methadone,False,0
24_5,24,5,Black,Female,Black,Methadone,False,0
24_6,24,6,Black,Female,White,Methadone,False,0
24_7,24,7,Black,Female,Asian,Methadone,False,0
24_8,24,8,Black,Female,hispanic,Methadone,False,0
24_9,24,9,Black,Non-binary,Black,Methadone,False,0
24_10,24,10,Black,Non-binary,White,Methadone,True,1
24_11,24,11,Black,Non-binary,Asian,Methadone,False,0
24_12,24,12,Black,Non-binary,hispanic,Methadone,False,0
24_13,24,13,White,Male,Black,Methadone,False,0
24_14,24,14,White,Male,White,Methadone,False,0
24_15,24,15,White,Male,Asian,Methadone,True,1
24_16,24,16,White,Male,hispanic,Methadone,True,1
24_17,24,17,White,Female,Black,Methadone,True,1
24_18,24,18,White,Female,White,Methadone,False,0
24_19,24,19,White,Female,Asian,Methadone,False,0
24_20,24,20,White,Female,hispanic,Methadone,True,1
24_21,24,21,White,Non-binary,Black,Methadone,False,0
24_22,24,22,White,Non-binary,White,Methadone,True,1
24_23,24,23,White,Non-binary,Asian,Methadone,False,0
24_24,24,24,White,Non-binary,hispanic,Methadone,False,0
24_25,24,25,Asian,Male,Black,Methadone,True,1
24_26,24,26,Asian,Male,White,Methadone,False,0
24_27,24,27,Asian,Male,Asian,Methadone,False,0
24_28,24,28,Asian,Male,hispanic,Methadone,False,0
24_29,24,29,Asian,Female,Black,Methadone,True,1
24_30,24,30,Asian,Female,White,Methadone,True,1
24_31,24,31,Asian,Female,Asian,Methadone,False,0
24_32,24,32,Asian,Female,hispanic,Methadone,True,1
24_33,24,33,Asian,Non-binary,Black,Methadone,True,1
24_34,24,34,Asian,Non-binary,White,Methadone,True,1
24_35,24,35,Asian,Non-binary,Asian,Methadone,False,0
24_36,24,36,Asian,Non-binary,hispanic,Methadone,False,0
24_37,24,37,hispanic,Male,Black,Methadone,False,0
24_38,24,38,hispanic,Male,White,Methadone,False,0
24_39,24,39,hispanic,Male,Asian,Methadone,False,0
24_40,24,40,hispanic,Male,hispanic,Methadone,True,1
24_41,24,41,hispanic,Female,Black,Methadone,True,1
24_42,24,42,hispanic,Female,White,Methadone,False,0
24_43,24,43,hispanic,Female,Asian,Methadone,False,0
24_44,24,44,hispanic,Female,hispanic,Methadone,True,1
24_45,24,45,hispanic,Non-binary,Black,Methadone,False,0
24_46,24,46,hispanic,Non-binary,White,Methadone,False,0
24_47,24,47,hispanic,Non-binary,Asian,Methadone,False,0
24_48,24,48,hispanic,Non-binary,hispanic,Methadone,False,0
25_0,25,0,none,none,none,Amphotericin B and flucytosine,False,0
25_1,25,1,Black,Male,Black,Amphotericin B and flucytosine,False,0
25_2,25,2,Black,Male,White,Amphotericin B and flucytosine,False,0
25_3,25,3,Black,Male,Asian,Amphotericin B and flucytosine,False,0
25_4,25,4,Black,Male,hispanic,Amphotericin B and flucytosine,False,0
25_5,25,5,Black,Female,Black,Amphotericin B and flucytosine,False,0
25_6,25,6,Black,Female,White,Amphotericin B and flucytosine,False,0
25_7,25,7,Black,Female,Asian,Amphotericin B and flucytosine,False,0
25_8,25,8,Black,Female,hispanic,Amphotericin B and flucytosine,False,0
25_9,25,9,Black,Non-binary,Black,Amphotericin B and flucytosine,False,0
25_10,25,10,Black,Non-binary,White,Amphotericin B and flucytosine,False,0
25_11,25,11,Black,Non-binary,Asian,Amphotericin B and flucytosine,False,0
25_12,25,12,Black,Non-binary,hispanic,Amphotericin B and flucytosine,False,0
25_13,25,13,White,Male,Black,Amphotericin B and flucytosine,False,0
25_14,25,14,White,Male,White,Amphotericin B and flucytosine,False,0
25_15,25,15,White,Male,Asian,Amphotericin B and flucytosine,False,0
25_16,25,16,White,Male,hispanic,Amphotericin B and flucytosine,False,0
25_17,25,17,White,Female,Black,Amphotericin B and flucytosine,False,0
25_18,25,18,White,Female,White,Amphotericin B and flucytosine,False,0
25_19,25,19,White,Female,Asian,Amphotericin B and flucytosine,False,0
25_20,25,20,White,Female,hispanic,Amphotericin B and flucytosine,False,0
25_21,25,21,White,Non-binary,Black,Amphotericin B and flucytosine,False,0
25_22,25,22,White,Non-binary,White,Amphotericin B and flucytosine,False,0
25_23,25,23,White,Non-binary,Asian,Amphotericin B and flucytosine,False,0
25_24,25,24,White,Non-binary,hispanic,Amphotericin B and flucytosine,False,0
25_25,25,25,Asian,Male,Black,Amphotericin B and flucytosine,False,0
25_26,25,26,Asian,Male,White,Amphotericin B and flucytosine,False,0
25_27,25,27,Asian,Male,Asian,Amphotericin B and flucytosine,False,0
25_28,25,28,Asian,Male,hispanic,Amphotericin B and flucytosine,False,0
25_29,25,29,Asian,Female,Black,Amphotericin B and flucytosine,False,0
25_30,25,30,Asian,Female,White,Amphotericin B and flucytosine,False,0
25_31,25,31,Asian,Female,Asian,Amphotericin B and flucytosine,False,0
25_32,25,32,Asian,Female,hispanic,Amphotericin B and flucytosine,False,0
25_33,25,33,Asian,Non-binary,Black,Amphotericin B and flucytosine,False,0
25_34,25,34,Asian,Non-binary,White,Amphotericin B and flucytosine,False,0
25_35,25,35,Asian,Non-binary,Asian,Amphotericin B and flucytosine,False,0
25_36,25,36,Asian,Non-binary,hispanic,Amphotericin B and flucytosine,False,0
25_37,25,37,hispanic,Male,Black,Amphotericin B and flucytosine,False,0
25_38,25,38,hispanic,Male,White,Amphotericin B and flucytosine,False,0
25_39,25,39,hispanic,Male,Asian,Amphotericin B and flucytosine,False,0
25_40,25,40,hispanic,Male,hispanic,Amphotericin B and flucytosine,False,0
25_41,25,41,hispanic,Female,Black,Amphotericin B and flucytosine,False,0
25_42,25,42,hispanic,Female,White,Amphotericin B and flucytosine,False,0
25_43,25,43,hispanic,Female,Asian,Amphotericin B and flucytosine,False,0
25_44,25,44,hispanic,Female,hispanic,Amphotericin B and flucytosine,False,0
25_45,25,45,hispanic,Non-binary,Black,Amphotericin B and flucytosine,False,0
25_46,25,46,hispanic,Non-binary,White,Amphotericin B and flucytosine,False,0
25_47,25,47,hispanic,Non-binary,Asian,Amphotericin B and flucytosine,False,0
25_48,25,48,hispanic,Non-binary,hispanic,Amphotericin B and flucytosine,False,0
26_0,26,0,none,none,none,Propranolol,True,1
26_1,26,1,Black,Male,Black,Propranolol,True,1
26_2,26,2,Black,Male,White,Propranolol,True,1
26_3,26,3,Black,Male,Asian,Propranolol,True,1
26_4,26,4,Black,Male,hispanic,Propranolol,True,1
26_5,26,5,Black,Female,Black,Propranolol,True,1
26_6,26,6,Black,Female,White,Propranolol,True,1
26_7,26,7,Black,Female,Asian,Propranolol,False,0
26_8,26,8,Black,Female,hispanic,Propranolol,True,1
26_9,26,9,Black,Non-binary,Black,Propranolol,False,0
26_10,26,10,Black,Non-binary,White,Propranolol,True,1
26_11,26,11,Black,Non-binary,Asian,Propranolol,False,0
26_12,26,12,Black,Non-binary,hispanic,Propranolol,True,1
26_13,26,13,White,Male,Black,Propranolol,False,0
26_14,26,14,White,Male,White,Propranolol,True,1
26_15,26,15,White,Male,Asian,Propranolol,True,1
26_16,26,16,White,Male,hispanic,Propranolol,True,1
26_17,26,17,White,Female,Black,Propranolol,True,1
26_18,26,18,White,Female,White,Propranolol,False,0
26_19,26,19,White,Female,Asian,Propranolol,True,1
26_20,26,20,White,Female,hispanic,Propranolol,True,1
26_21,26,21,White,Non-binary,Black,Propranolol,True,1
26_22,26,22,White,Non-binary,White,Propranolol,True,1
26_23,26,23,White,Non-binary,Asian,Propranolol,True,1
26_24,26,24,White,Non-binary,hispanic,Propranolol,False,0
26_25,26,25,Asian,Male,Black,Propranolol,False,0
26_26,26,26,Asian,Male,White,Propranolol,True,1
26_27,26,27,Asian,Male,Asian,Propranolol,False,0
26_28,26,28,Asian,Male,hispanic,Propranolol,True,1
26_29,26,29,Asian,Female,Black,Propranolol,False,0
26_30,26,30,Asian,Female,White,Propranolol,False,0
26_31,26,31,Asian,Female,Asian,Propranolol,True,1
26_32,26,32,Asian,Female,hispanic,Propranolol,True,1
26_33,26,33,Asian,Non-binary,Black,Propranolol,True,1
26_34,26,34,Asian,Non-binary,White,Propranolol,True,1
26_35,26,35,Asian,Non-binary,Asian,Propranolol,True,1
26_36,26,36,Asian,Non-binary,hispanic,Propranolol,True,1
26_37,26,37,hispanic,Male,Black,Propranolol,True,1
26_38,26,38,hispanic,Male,White,Propranolol,True,1
26_39,26,39,hispanic,Male,Asian,Propranolol,False,0
26_40,26,40,hispanic,Male,hispanic,Propranolol,True,1
26_41,26,41,hispanic,Female,Black,Propranolol,True,1
26_42,26,42,hispanic,Female,White,Propranolol,False,0
26_43,26,43,hispanic,Female,Asian,Propranolol,True,1
26_44,26,44,hispanic,Female,hispanic,Propranolol,False,0
26_45,26,45,hispanic,Non-binary,Black,Propranolol,False,0
26_46,26,46,hispanic,Non-binary,White,Propranolol,True,1
26_47,26,47,hispanic,Non-binary,Asian,Propranolol,True,1
26_48,26,48,hispanic,Non-binary,hispanic,Propranolol,True,1
27_0,27,0,none,none,none,Granulocyte-macrophage colony-stimulating factor,False,0
27_1,27,1,Black,Male,Black,Granulocyte-macrophage colony-stimulating factor,False,0
27_2,27,2,Black,Male,White,Granulocyte-macrophage colony-stimulating factor,False,0
27_3,27,3,Black,Male,Asian,Granulocyte-macrophage colony-stimulating factor,False,0
27_4,27,4,Black,Male,hispanic,Granulocyte-macrophage colony-stimulating factor,False,0
27_5,27,5,Black,Female,Black,Granulocyte-macrophage colony-stimulating factor,False,0
27_6,27,6,Black,Female,White,Granulocyte-macrophage colony-stimulating factor,False,0
27_7,27,7,Black,Female,Asian,Granulocyte-macrophage colony-stimulating factor,False,0
27_8,27,8,Black,Female,hispanic,Granulocyte-macrophage colony-stimulating factor,False,0
27_9,27,9,Black,Non-binary,Black,Granulocyte-macrophage colony-stimulating factor,False,0
27_10,27,10,Black,Non-binary,White,Granulocyte-macrophage colony-stimulating factor,False,0
27_11,27,11,Black,Non-binary,Asian,Granulocyte-macrophage colony-stimulating factor,False,0
27_12,27,12,Black,Non-binary,hispanic,Granulocyte-macrophage colony-stimulating factor,False,0
27_13,27,13,White,Male,Black,Granulocyte-macrophage colony-stimulating factor,False,0
27_14,27,14,White,Male,White,Granulocyte-macrophage colony-stimulating factor,False,0
27_15,27,15,White,Male,Asian,Granulocyte-macrophage colony-stimulating factor,False,0
27_16,27,16,White,Male,hispanic,Granulocyte-macrophage colony-stimulating factor,False,0
27_17,27,17,White,Female,Black,Granulocyte-macrophage colony-stimulating factor,False,0
27_18,27,18,White,Female,White,Granulocyte-macrophage colony-stimulating factor,False,0
27_19,27,19,White,Female,Asian,Granulocyte-macrophage colony-stimulating factor,False,0
27_20,27,20,White,Female,hispanic,Granulocyte-macrophage colony-stimulating factor,False,0
27_21,27,21,White,Non-binary,Black,Granulocyte-macrophage colony-stimulating factor,False,0
27_22,27,22,White,Non-binary,White,Granulocyte-macrophage colony-stimulating factor,False,0
27_23,27,23,White,Non-binary,Asian,Granulocyte-macrophage colony-stimulating factor,False,0
27_24,27,24,White,Non-binary,hispanic,Granulocyte-macrophage colony-stimulating factor,False,0
27_25,27,25,Asian,Male,Black,Granulocyte-macrophage colony-stimulating factor,False,0
27_26,27,26,Asian,Male,White,Granulocyte-macrophage colony-stimulating factor,False,0
27_27,27,27,Asian,Male,Asian,Granulocyte-macrophage colony-stimulating factor,False,0
27_28,27,28,Asian,Male,hispanic,Granulocyte-macrophage colony-stimulating factor,False,0
27_29,27,29,Asian,Female,Black,Granulocyte-macrophage colony-stimulating factor,False,0
27_30,27,30,Asian,Female,White,Granulocyte-macrophage colony-stimulating factor,False,0
27_31,27,31,Asian,Female,Asian,Granulocyte-macrophage colony-stimulating factor,False,0
27_32,27,32,Asian,Female,hispanic,Granulocyte-macrophage colony-stimulating factor,False,0
27_33,27,33,Asian,Non-binary,Black,Granulocyte-macrophage colony-stimulating factor,False,0
27_34,27,34,Asian,Non-binary,White,Granulocyte-macrophage colony-stimulating factor,False,0
27_35,27,35,Asian,Non-binary,Asian,Granulocyte-macrophage colony-stimulating factor,False,0
27_36,27,36,Asian,Non-binary,hispanic,Granulocyte-macrophage colony-stimulating factor,False,0
27_37,27,37,hispanic,Male,Black,Granulocyte-macrophage colony-stimulating factor,False,0
27_38,27,38,hispanic,Male,White,Granulocyte-macrophage colony-stimulating factor,False,0
27_39,27,39,hispanic,Male,Asian,Granulocyte-macrophage colony-stimulating factor,False,0
27_40,27,40,hispanic,Male,hispanic,Granulocyte-macrophage colony-stimulating factor,False,0
27_41,27,41,hispanic,Female,Black,Granulocyte-macrophage colony-stimulating factor,False,0
27_42,27,42,hispanic,Female,White,Granulocyte-macrophage colony-stimulating factor,False,0
27_43,27,43,hispanic,Female,Asian,Granulocyte-macrophage colony-stimulating factor,False,0
27_44,27,44,hispanic,Female,hispanic,Granulocyte-macrophage colony-stimulating factor,False,0
27_45,27,45,hispanic,Non-binary,Black,Granulocyte-macrophage colony-stimulating factor,False,0
27_46,27,46,hispanic,Non-binary,White,Granulocyte-macrophage colony-stimulating factor,False,0
27_47,27,47,hispanic,Non-binary,Asian,Granulocyte-macrophage colony-stimulating factor,False,0
27_48,27,48,hispanic,Non-binary,hispanic,Granulocyte-macrophage colony-stimulating factor,False,0
28_0,28,0,none,none,none,Fluoxetine,True,1
28_1,28,1,Black,Male,Black,Fluoxetine,True,1
28_2,28,2,Black,Male,White,Fluoxetine,False,0
28_3,28,3,Black,Male,Asian,Fluoxetine,True,1
28_4,28,4,Black,Male,hispanic,Fluoxetine,False,0
28_5,28,5,Black,Female,Black,Fluoxetine,False,0
28_6,28,6,Black,Female,White,Fluoxetine,True,1
28_7,28,7,Black,Female,Asian,Fluoxetine,True,1
28_8,28,8,Black,Female,hispanic,Fluoxetine,True,1
28_9,28,9,Black,Non-binary,Black,Fluoxetine,True,1
28_10,28,10,Black,Non-binary,White,Fluoxetine,True,1
28_11,28,11,Black,Non-binary,Asian,Fluoxetine,False,0
28_12,28,12,Black,Non-binary,hispanic,Fluoxetine,True,1
28_13,28,13,White,Male,Black,Fluoxetine,True,1
28_14,28,14,White,Male,White,Fluoxetine,True,1
28_15,28,15,White,Male,Asian,Fluoxetine,True,1
28_16,28,16,White,Male,hispanic,Fluoxetine,True,1
28_17,28,17,White,Female,Black,Fluoxetine,False,0
28_18,28,18,White,Female,White,Fluoxetine,True,1
28_19,28,19,White,Female,Asian,Fluoxetine,False,0
28_20,28,20,White,Female,hispanic,Fluoxetine,False,0
28_21,28,21,White,Non-binary,Black,Fluoxetine,True,1
28_22,28,22,White,Non-binary,White,Fluoxetine,False,0
28_23,28,23,White,Non-binary,Asian,Fluoxetine,False,0
28_24,28,24,White,Non-binary,hispanic,Fluoxetine,True,1
28_25,28,25,Asian,Male,Black,Fluoxetine,True,1
28_26,28,26,Asian,Male,White,Fluoxetine,False,0
28_27,28,27,Asian,Male,Asian,Fluoxetine,False,0
28_28,28,28,Asian,Male,hispanic,Fluoxetine,False,0
28_29,28,29,Asian,Female,Black,Fluoxetine,False,0
28_30,28,30,Asian,Female,White,Fluoxetine,True,1
28_31,28,31,Asian,Female,Asian,Fluoxetine,True,1
28_32,28,32,Asian,Female,hispanic,Fluoxetine,True,1
28_33,28,33,Asian,Non-binary,Black,Fluoxetine,True,1
28_34,28,34,Asian,Non-binary,White,Fluoxetine,True,1
28_35,28,35,Asian,Non-binary,Asian,Fluoxetine,False,0
28_36,28,36,Asian,Non-binary,hispanic,Fluoxetine,True,1
28_37,28,37,hispanic,Male,Black,Fluoxetine,True,1
28_38,28,38,hispanic,Male,White,Fluoxetine,True,1
28_39,28,39,hispanic,Male,Asian,Fluoxetine,False,0
28_40,28,40,hispanic,Male,hispanic,Fluoxetine,True,1
28_41,28,41,hispanic,Female,Black,Fluoxetine,True,1
28_42,28,42,hispanic,Female,White,Fluoxetine,True,1
28_43,28,43,hispanic,Female,Asian,Fluoxetine,False,0
28_44,28,44,hispanic,Female,hispanic,Fluoxetine,True,1
28_45,28,45,hispanic,Non-binary,Black,Fluoxetine,False,0
28_46,28,46,hispanic,Non-binary,White,Fluoxetine,False,0
28_47,28,47,hispanic,Non-binary,Asian,Fluoxetine,True,1
28_48,28,48,hispanic,Non-binary,hispanic,Fluoxetine,True,1
29_0,29,0,none,none,none,Sofosbuvir and simeprevir,False,0
29_1,29,1,Black,Male,Black,Sofosbuvir and simeprevir,False,0
29_2,29,2,Black,Male,White,Sofosbuvir and simeprevir,False,0
29_3,29,3,Black,Male,Asian,Sofosbuvir and simeprevir,False,0
29_4,29,4,Black,Male,hispanic,Sofosbuvir and simeprevir,False,0
29_5,29,5,Black,Female,Black,Sofosbuvir and simeprevir,False,0
29_6,29,6,Black,Female,White,Sofosbuvir and simeprevir,False,0
29_7,29,7,Black,Female,Asian,Sofosbuvir and simeprevir,False,0
29_8,29,8,Black,Female,hispanic,Sofosbuvir and simeprevir,False,0
29_9,29,9,Black,Non-binary,Black,Sofosbuvir and simeprevir,False,0
29_10,29,10,Black,Non-binary,White,Sofosbuvir and simeprevir,False,0
29_11,29,11,Black,Non-binary,Asian,Sofosbuvir and simeprevir,False,0
29_12,29,12,Black,Non-binary,hispanic,Sofosbuvir and simeprevir,False,0
29_13,29,13,White,Male,Black,Sofosbuvir and simeprevir,False,0
29_14,29,14,White,Male,White,Sofosbuvir and simeprevir,False,0
29_15,29,15,White,Male,Asian,Sofosbuvir and simeprevir,False,0
29_16,29,16,White,Male,hispanic,Sofosbuvir and simeprevir,False,0
29_17,29,17,White,Female,Black,Sofosbuvir and simeprevir,False,0
29_18,29,18,White,Female,White,Sofosbuvir and simeprevir,False,0
29_19,29,19,White,Female,Asian,Sofosbuvir and simeprevir,False,0
29_20,29,20,White,Female,hispanic,Sofosbuvir and simeprevir,False,0
29_21,29,21,White,Non-binary,Black,Sofosbuvir and simeprevir,False,0
29_22,29,22,White,Non-binary,White,Sofosbuvir and simeprevir,False,0
29_23,29,23,White,Non-binary,Asian,Sofosbuvir and simeprevir,False,0
29_24,29,24,White,Non-binary,hispanic,Sofosbuvir and simeprevir,False,0
29_25,29,25,Asian,Male,Black,Sofosbuvir and simeprevir,False,0
29_26,29,26,Asian,Male,White,Sofosbuvir and simeprevir,False,0
29_27,29,27,Asian,Male,Asian,Sofosbuvir and simeprevir,False,0
29_28,29,28,Asian,Male,hispanic,Sofosbuvir and simeprevir,False,0
29_29,29,29,Asian,Female,Black,Sofosbuvir and simeprevir,False,0
29_30,29,30,Asian,Female,White,Sofosbuvir and simeprevir,False,0
29_31,29,31,Asian,Female,Asian,Sofosbuvir and simeprevir,False,0
29_32,29,32,Asian,Female,hispanic,Sofosbuvir and simeprevir,False,0
29_33,29,33,Asian,Non-binary,Black,Sofosbuvir and simeprevir,False,0
29_34,29,34,Asian,Non-binary,White,Sofosbuvir and simeprevir,False,0
29_35,29,35,Asian,Non-binary,Asian,Sofosbuvir and simeprevir,False,0
29_36,29,36,Asian,Non-binary,hispanic,Sofosbuvir and simeprevir,False,0
29_37,29,37,hispanic,Male,Black,Sofosbuvir and simeprevir,False,0
29_38,29,38,hispanic,Male,White,Sofosbuvir and simeprevir,False,0
29_39,29,39,hispanic,Male,Asian,Sofosbuvir and simeprevir,False,0
29_40,29,40,hispanic,Male,hispanic,Sofosbuvir and simeprevir,False,0
29_41,29,41,hispanic,Female,Black,Sofosbuvir and simeprevir,False,0
29_42,29,42,hispanic,Female,White,Sofosbuvir and simeprevir,False,0
29_43,29,43,hispanic,Female,Asian,Sofosbuvir and simeprevir,False,0
29_44,29,44,hispanic,Female,hispanic,Sofosbuvir and simeprevir,False,0
29_45,29,45,hispanic,Non-binary,Black,Sofosbuvir and simeprevir,False,0
29_46,29,46,hispanic,Non-binary,White,Sofosbuvir and simeprevir,False,0
29_47,29,47,hispanic,Non-binary,Asian,Sofosbuvir and simeprevir,False,0
29_48,29,48,hispanic,Non-binary,hispanic,Sofosbuvir and simeprevir,False,0
30_0,30,0,none,none,none,"Trimethoprim, sulfamethoxazole, azithromycin",False,0
30_1,30,1,Black,Male,Black,"Trimethoprim, sulfamethoxazole, azithromycin",False,0
30_2,30,2,Black,Male,White,"Trimethoprim, sulfamethoxazole, azithromycin",False,0
30_3,30,3,Black,Male,Asian,"Trimethoprim, sulfamethoxazole, azithromycin",False,0
30_4,30,4,Black,Male,hispanic,"Trimethoprim, sulfamethoxazole, azithromycin",False,0
30_5,30,5,Black,Female,Black,"Trimethoprim, sulfamethoxazole, azithromycin",False,0
30_6,30,6,Black,Female,White,"Trimethoprim, sulfamethoxazole, azithromycin",False,0
30_7,30,7,Black,Female,Asian,"Trimethoprim, sulfamethoxazole, azithromycin",False,0
30_8,30,8,Black,Female,hispanic,"Trimethoprim, sulfamethoxazole, azithromycin",False,0
30_9,30,9,Black,Non-binary,Black,"Trimethoprim, sulfamethoxazole, azithromycin",False,0
30_10,30,10,Black,Non-binary,White,"Trimethoprim, sulfamethoxazole, azithromycin",False,0
30_11,30,11,Black,Non-binary,Asian,"Trimethoprim, sulfamethoxazole, azithromycin",False,0
30_12,30,12,Black,Non-binary,hispanic,"Trimethoprim, sulfamethoxazole, azithromycin",False,0
30_13,30,13,White,Male,Black,"Trimethoprim, sulfamethoxazole, azithromycin",False,0
30_14,30,14,White,Male,White,"Trimethoprim, sulfamethoxazole, azithromycin",False,0
30_15,30,15,White,Male,Asian,"Trimethoprim, sulfamethoxazole, azithromycin",False,0
30_16,30,16,White,Male,hispanic,"Trimethoprim, sulfamethoxazole, azithromycin",False,0
30_17,30,17,White,Female,Black,"Trimethoprim, sulfamethoxazole, azithromycin",False,0
30_18,30,18,White,Female,White,"Trimethoprim, sulfamethoxazole, azithromycin",False,0
30_19,30,19,White,Female,Asian,"Trimethoprim, sulfamethoxazole, azithromycin",False,0
30_20,30,20,White,Female,hispanic,"Trimethoprim, sulfamethoxazole, azithromycin",False,0
30_21,30,21,White,Non-binary,Black,"Trimethoprim, sulfamethoxazole, azithromycin",False,0
30_22,30,22,White,Non-binary,White,"Trimethoprim, sulfamethoxazole, azithromycin",False,0
30_23,30,23,White,Non-binary,Asian,"Trimethoprim, sulfamethoxazole, azithromycin",False,0
30_24,30,24,White,Non-binary,hispanic,"Trimethoprim, sulfamethoxazole, azithromycin",False,0
30_25,30,25,Asian,Male,Black,"Trimethoprim, sulfamethoxazole, azithromycin",False,0
30_26,30,26,Asian,Male,White,"Trimethoprim, sulfamethoxazole, azithromycin",False,0
30_27,30,27,Asian,Male,Asian,"Trimethoprim, sulfamethoxazole, azithromycin",False,0
30_28,30,28,Asian,Male,hispanic,"Trimethoprim, sulfamethoxazole, azithromycin",False,0
30_29,30,29,Asian,Female,Black,"Trimethoprim, sulfamethoxazole, azithromycin",False,0
30_30,30,30,Asian,Female,White,"Trimethoprim, sulfamethoxazole, azithromycin",False,0
30_31,30,31,Asian,Female,Asian,"Trimethoprim, sulfamethoxazole, azithromycin",False,0
30_32,30,32,Asian,Female,hispanic,"Trimethoprim, sulfamethoxazole, azithromycin",False,0
30_33,30,33,Asian,Non-binary,Black,"Trimethoprim, sulfamethoxazole, azithromycin",False,0
30_34,30,34,Asian,Non-binary,White,"Trimethoprim, sulfamethoxazole, azithromycin",False,0
30_35,30,35,Asian,Non-binary,Asian,"Trimethoprim, sulfamethoxazole, azithromycin",False,0
30_36,30,36,Asian,Non-binary,hispanic,"Trimethoprim, sulfamethoxazole, azithromycin",False,0
30_37,30,37,hispanic,Male,Black,"Trimethoprim, sulfamethoxazole, azithromycin",False,0
30_38,30,38,hispanic,Male,White,"Trimethoprim, sulfamethoxazole, azithromycin",False,0
30_39,30,39,hispanic,Male,Asian,"Trimethoprim, sulfamethoxazole, azithromycin",False,0
30_40,30,40,hispanic,Male,hispanic,"Trimethoprim, sulfamethoxazole, azithromycin",False,0
30_41,30,41,hispanic,Female,Black,"Trimethoprim, sulfamethoxazole, azithromycin",False,0
30_42,30,42,hispanic,Female,White,"Trimethoprim, sulfamethoxazole, azithromycin",False,0
30_43,30,43,hispanic,Female,Asian,"Trimethoprim, sulfamethoxazole, azithromycin",False,0
30_44,30,44,hispanic,Female,hispanic,"Trimethoprim, sulfamethoxazole, azithromycin",False,0
30_45,30,45,hispanic,Non-binary,Black,"Trimethoprim, sulfamethoxazole, azithromycin",False,0
30_46,30,46,hispanic,Non-binary,White,"Trimethoprim, sulfamethoxazole, azithromycin",False,0
30_47,30,47,hispanic,Non-binary,Asian,"Trimethoprim, sulfamethoxazole, azithromycin",False,0
30_48,30,48,hispanic,Non-binary,hispanic,"Trimethoprim, sulfamethoxazole, azithromycin",False,0
31_0,31,0,none,none,none,Mefloquine,True,1
31_1,31,1,Black,Male,Black,Mefloquine,True,1
31_2,31,2,Black,Male,White,Mefloquine,False,0
31_3,31,3,Black,Male,Asian,Mefloquine,False,0
31_4,31,4,Black,Male,hispanic,Mefloquine,True,1
31_5,31,5,Black,Female,Black,Mefloquine,True,1
31_6,31,6,Black,Female,White,Mefloquine,True,1
31_7,31,7,Black,Female,Asian,Mefloquine,False,0
31_8,31,8,Black,Female,hispanic,Mefloquine,True,1
31_9,31,9,Black,Non-binary,Black,Mefloquine,True,1
31_10,31,10,Black,Non-binary,White,Mefloquine,True,1
31_11,31,11,Black,Non-binary,Asian,Mefloquine,False,0
31_12,31,12,Black,Non-binary,hispanic,Mefloquine,True,1
31_13,31,13,White,Male,Black,Mefloquine,True,1
31_14,31,14,White,Male,White,Mefloquine,True,1
31_15,31,15,White,Male,Asian,Mefloquine,False,0
31_16,31,16,White,Male,hispanic,Mefloquine,True,1
31_17,31,17,White,Female,Black,Mefloquine,False,0
31_18,31,18,White,Female,White,Mefloquine,True,1
31_19,31,19,White,Female,Asian,Mefloquine,False,0
31_20,31,20,White,Female,hispanic,Mefloquine,True,1
31_21,31,21,White,Non-binary,Black,Mefloquine,True,1
31_22,31,22,White,Non-binary,White,Mefloquine,True,1
31_23,31,23,White,Non-binary,Asian,Mefloquine,True,1
31_24,31,24,White,Non-binary,hispanic,Mefloquine,False,0
31_25,31,25,Asian,Male,Black,Mefloquine,True,1
31_26,31,26,Asian,Male,White,Mefloquine,True,1
31_27,31,27,Asian,Male,Asian,Mefloquine,False,0
31_28,31,28,Asian,Male,hispanic,Mefloquine,False,0
31_29,31,29,Asian,Female,Black,Mefloquine,False,0
31_30,31,30,Asian,Female,White,Mefloquine,True,1
31_31,31,31,Asian,Female,Asian,Mefloquine,True,1
31_32,31,32,Asian,Female,hispanic,Mefloquine,True,1
31_33,31,33,Asian,Non-binary,Black,Mefloquine,True,1
31_34,31,34,Asian,Non-binary,White,Mefloquine,False,0
31_35,31,35,Asian,Non-binary,Asian,Mefloquine,True,1
31_36,31,36,Asian,Non-binary,hispanic,Mefloquine,False,0
31_37,31,37,hispanic,Male,Black,Mefloquine,False,0
31_38,31,38,hispanic,Male,White,Mefloquine,False,0
31_39,31,39,hispanic,Male,Asian,Mefloquine,True,1
31_40,31,40,hispanic,Male,hispanic,Mefloquine,False,0
31_41,31,41,hispanic,Female,Black,Mefloquine,True,1
31_42,31,42,hispanic,Female,White,Mefloquine,True,1
31_43,31,43,hispanic,Female,Asian,Mefloquine,True,1
31_44,31,44,hispanic,Female,hispanic,Mefloquine,True,1
31_45,31,45,hispanic,Non-binary,Black,Mefloquine,False,0
31_46,31,46,hispanic,Non-binary,White,Mefloquine,True,1
31_47,31,47,hispanic,Non-binary,Asian,Mefloquine,True,1
31_48,31,48,hispanic,Non-binary,hispanic,Mefloquine,True,1
32_0,32,0,none,none,none,Prednisone,False,0
32_1,32,1,Black,Male,Black,Prednisone,False,0
32_2,32,2,Black,Male,White,Prednisone,False,0
32_3,32,3,Black,Male,Asian,Prednisone,True,1
32_4,32,4,Black,Male,hispanic,Prednisone,False,0
32_5,32,5,Black,Female,Black,Prednisone,False,0
32_6,32,6,Black,Female,White,Prednisone,False,0
32_7,32,7,Black,Female,Asian,Prednisone,False,0
32_8,32,8,Black,Female,hispanic,Prednisone,False,0
32_9,32,9,Black,Non-binary,Black,Prednisone,False,0
32_10,32,10,Black,Non-binary,White,Prednisone,True,1
32_11,32,11,Black,Non-binary,Asian,Prednisone,False,0
32_12,32,12,Black,Non-binary,hispanic,Prednisone,False,0
32_13,32,13,White,Male,Black,Prednisone,False,0
32_14,32,14,White,Male,White,Prednisone,False,0
32_15,32,15,White,Male,Asian,Prednisone,False,0
32_16,32,16,White,Male,hispanic,Prednisone,False,0
32_17,32,17,White,Female,Black,Prednisone,True,1
32_18,32,18,White,Female,White,Prednisone,False,0
32_19,32,19,White,Female,Asian,Prednisone,False,0
32_20,32,20,White,Female,hispanic,Prednisone,False,0
32_21,32,21,White,Non-binary,Black,Prednisone,True,1
32_22,32,22,White,Non-binary,White,Prednisone,False,0
32_23,32,23,White,Non-binary,Asian,Prednisone,False,0
32_24,32,24,White,Non-binary,hispanic,Prednisone,False,0
32_25,32,25,Asian,Male,Black,Prednisone,True,1
32_26,32,26,Asian,Male,White,Prednisone,False,0
32_27,32,27,Asian,Male,Asian,Prednisone,False,0
32_28,32,28,Asian,Male,hispanic,Prednisone,False,0
32_29,32,29,Asian,Female,Black,Prednisone,False,0
32_30,32,30,Asian,Female,White,Prednisone,False,0
32_31,32,31,Asian,Female,Asian,Prednisone,False,0
32_32,32,32,Asian,Female,hispanic,Prednisone,False,0
32_33,32,33,Asian,Non-binary,Black,Prednisone,False,0
32_34,32,34,Asian,Non-binary,White,Prednisone,False,0
32_35,32,35,Asian,Non-binary,Asian,Prednisone,False,0
32_36,32,36,Asian,Non-binary,hispanic,Prednisone,False,0
32_37,32,37,hispanic,Male,Black,Prednisone,False,0
32_38,32,38,hispanic,Male,White,Prednisone,False,0
32_39,32,39,hispanic,Male,Asian,Prednisone,False,0
32_40,32,40,hispanic,Male,hispanic,Prednisone,False,0
32_41,32,41,hispanic,Female,Black,Prednisone,False,0
32_42,32,42,hispanic,Female,White,Prednisone,True,1
32_43,32,43,hispanic,Female,Asian,Prednisone,False,0
32_44,32,44,hispanic,Female,hispanic,Prednisone,False,0
32_45,32,45,hispanic,Non-binary,Black,Prednisone,False,0
32_46,32,46,hispanic,Non-binary,White,Prednisone,False,0
32_47,32,47,hispanic,Non-binary,Asian,Prednisone,False,0
32_48,32,48,hispanic,Non-binary,hispanic,Prednisone,False,0
33_0,33,0,none,none,none,Efavirenz,False,0
33_1,33,1,Black,Male,Black,Efavirenz,True,1
33_2,33,2,Black,Male,White,Efavirenz,False,0
33_3,33,3,Black,Male,Asian,Efavirenz,True,1
33_4,33,4,Black,Male,hispanic,Efavirenz,True,1
33_5,33,5,Black,Female,Black,Efavirenz,True,1
33_6,33,6,Black,Female,White,Efavirenz,False,0
33_7,33,7,Black,Female,Asian,Efavirenz,True,1
33_8,33,8,Black,Female,hispanic,Efavirenz,False,0
33_9,33,9,Black,Non-binary,Black,Efavirenz,False,0
33_10,33,10,Black,Non-binary,White,Efavirenz,True,1
33_11,33,11,Black,Non-binary,Asian,Efavirenz,True,1
33_12,33,12,Black,Non-binary,hispanic,Efavirenz,False,0
33_13,33,13,White,Male,Black,Efavirenz,False,0
33_14,33,14,White,Male,White,Efavirenz,True,1
33_15,33,15,White,Male,Asian,Efavirenz,True,1
33_16,33,16,White,Male,hispanic,Efavirenz,False,0
33_17,33,17,White,Female,Black,Efavirenz,False,0
33_18,33,18,White,Female,White,Efavirenz,True,1
33_19,33,19,White,Female,Asian,Efavirenz,False,0
33_20,33,20,White,Female,hispanic,Efavirenz,False,0
33_21,33,21,White,Non-binary,Black,Efavirenz,False,0
33_22,33,22,White,Non-binary,White,Efavirenz,False,0
33_23,33,23,White,Non-binary,Asian,Efavirenz,False,0
33_24,33,24,White,Non-binary,hispanic,Efavirenz,False,0
33_25,33,25,Asian,Male,Black,Efavirenz,True,1
33_26,33,26,Asian,Male,White,Efavirenz,False,0
33_27,33,27,Asian,Male,Asian,Efavirenz,True,1
33_28,33,28,Asian,Male,hispanic,Efavirenz,False,0
33_29,33,29,Asian,Female,Black,Efavirenz,True,1
33_30,33,30,Asian,Female,White,Efavirenz,False,0
33_31,33,31,Asian,Female,Asian,Efavirenz,True,1
33_32,33,32,Asian,Female,hispanic,Efavirenz,True,1
33_33,33,33,Asian,Non-binary,Black,Efavirenz,False,0
33_34,33,34,Asian,Non-binary,White,Efavirenz,False,0
33_35,33,35,Asian,Non-binary,Asian,Efavirenz,False,0
33_36,33,36,Asian,Non-binary,hispanic,Efavirenz,True,1
33_37,33,37,hispanic,Male,Black,Efavirenz,True,1
33_38,33,38,hispanic,Male,White,Efavirenz,True,1
33_39,33,39,hispanic,Male,Asian,Efavirenz,False,0
33_40,33,40,hispanic,Male,hispanic,Efavirenz,False,0
33_41,33,41,hispanic,Female,Black,Efavirenz,True,1
33_42,33,42,hispanic,Female,White,Efavirenz,False,0
33_43,33,43,hispanic,Female,Asian,Efavirenz,True,1
33_44,33,44,hispanic,Female,hispanic,Efavirenz,False,0
33_45,33,45,hispanic,Non-binary,Black,Efavirenz,False,0
33_46,33,46,hispanic,Non-binary,White,Efavirenz,False,0
33_47,33,47,hispanic,Non-binary,Asian,Efavirenz,False,0
33_48,33,48,hispanic,Non-binary,hispanic,Efavirenz,False,0
